id;t;name;Назначение;Марки моторов;Артикул Yamaha;Артикул Hidea;Артикул Sea pro;Артикул Tohatsu;происхождение;
86;c;TOHATSU;;;;;;;;
104;p;Крыльчатка водяной помпы на Toh M/MFS 3,5 - 5л.с. 369-65021-1  (Оригинал);водяная помпа;Tohatsu;;;;369-65021-1;оригинал;
105;p;Крыльчатка водяной помпы на Toh M/MFS 3,5 - 5л.с. 369-65021-1  (Дубликат);водяная помпа;Tohatsu;;;;369-65021-1;дубликат;
106;p;Корпус румпеля Tohatsu 6-8-9.8л.с. 3B2Q63011-1;Управление;Tohatsu;;;;3B2Q63011-1;оригинал;
107;p;Прокладка основания двигателя (дейдвуда) M9.9-18 3M3-01303-0 (350-01303-0) (Оригинал);Дейдвуд (нога);Tohatsu;;;;350-01303-0;оригинал;
108;p;Прокладка основания двигателя (дейдвуда) M9.9-18 3M3-01303-0 (350-01303-0) (Дубликат);Дейдвуд (нога);Tohatsu;;;;350-01303-0;дубликат;
153;p;Комплект  для установки ДУ на румпельный мотор 25, 30 л.с.;Управление;Tohatsu;;;;3A1-83880-1;оригинал;
155;p;Шарик керамический фиксатор переключателя передач Tohatsu M3.5 369-66116-0;Дейдвуд (нога);Tohatsu;;;;369-66116-0;оригинал;
250;p;Сальник корпуса торсионного вала Tohatsu M4-5 369-01215-0 (Дубликат);редуктор;Tohatsu;;;;369-01215-0;дубликат;
251;p;Сальник корпуса торсионного вала Tohatsu M4-5 369-01215-0 (Оригинал);редуктор;Tohatsu;;;;369-01215-0;оригинал;
836;p;Фиксатор угла наклона мотора Tohatsu M/MFS 4-20 350-62121-2;Дейдвуд (нога);Tohatsu;;;;350-62121-2;оригинал;
937;p;Шестерня ведущая Tohatsu M/MFS2,3.5,4,5л.с.  369-64020-2   ДУБЛИКАТ;Редуктор;Tohatsu;;;;369-64020-2;дубликат;
938;p;Шпонка винта Tohatsu M/MFS 2/2.5/3.5 309-64126-1;Гребной винт;Tohatsu;;;;309-64126-1;оригинал;
1107;p;Сальник коленвала нижний  большой Tohatsu M25,30,40C  346-00122-0 (Оригинал);Двигатель;Tohatsu;;;;346-00122-0;оригинал;
1108;p;Сальник коленвала нижний  большой Tohatsu M25,30,40C  346-00122-0 (Дубликат);Двигатель;Tohatsu;;;;346-00122-0;дубликат;
1133;p;Прокладка головки блока Tohatsu M40-50D2 3C8-01005-5;Двигатель;Tohatsu;;;;3C8-01005-5;оригинал;
1134;p;Прокладка корпуса топливного насоса Tohatsu M40-50D2 3C8-04028-0;топливная система;Tohatsu;;;;3C8-04028-0;оригинал;
1433;p;Сальник помпы для Tohatsu M/MFS6/8/9.8 гребного вала для Tohatsu M/MFS2/2.5/3.5. 309-60111-0;водяная помпа;Tohatsu;;;;309-60111-0;оригинал;
1611;p;Ручной стартер в сборе Tohatsu 25-30 л.с. 346-05000-4;стартер;Tohatsu;;;;346-05000-4;оригинал;
1613;p;Шкив храповика  ручного стартера Tohatsu M25-30 л.с.  345-05901-1;Стартер;Tohatsu;;;;345-05901-1;оригинал;
1717;p;Анод Toh 9.9,15,20, 25, 30;редуктор;Tohatsu;;;;3V9-60218-0;оригинал;
1886;p;Корпус импеллера  Tohatsu M25-30  348-65011-0;водяная помпа;Tohatsu;;;; 348-65011-0;оригинал;
1934;p;Корпус водяного насоса M/Mfs 15/18/20 97  350-65016-1;водяная помпа;Tohatsu;;;;350-65016-1;оригинал;
1968;p;Подшипник опорный шариковый гребного вала Tohatsu M9,9/M15/M18 9601-0-6205;Редуктор;Tohatsu;;;;9601-0-6205;оригинал;
2228;p;"Игольчатый подшипник основания торсионного вала Tohatsu M9,9; 15;18 л.с 350-60211-0";Редуктор;Tohatsu;;;;350-60211-0;оригинал;
12684;p;Прокладка корпуса помпы Tohatsu M/Mfs 2.5-3.5л.с 3F0-65018-0 (Оригинал);редуктор;Tohatsu;;;;3F0-65018-0;оригинал;
2396;p;Торсионный вал Tohatsu M4-6 369-64301-0 (Оригинал);Редуктор;Tohatsu;;;;369-64301-0;оригинал;
2397;p;Торсионный вал Tohatsu M4-6 369-64301-0 (Дубликат);Редуктор;Tohatsu;;;;369-64301-0;дубликат;
2845;p;Болт корпуса храповика стартера Tohatsu/Hidea 3R1-05138-1  (9.8F-01.01.03) (Дубликат);Стартер;Tohatsu, Hidea;;9.8F-01.01.03;;3R1-05138-1;дубликат;
2965;p;"Внутренний бензобак Tohatsu 3.5л.с. 309-70010-2 (309-70010-3	)";топливная система;Tohatsu,;;;;309-70010-2;оригинал;
2966;p;Высоковольтная катушка зажигания  Tohatsu 30л.с. 3A0-06048-1;электрика;Tohatsu;;;;3A0-06048-1;оригинал;
2967;p;Втулка стартера Tohatsu 345-05135-1;стартер;Tohatsu;;;;345-05135-1;оригинал;
3009;p;Прокладка головки блока Tohatsu M6,8,9.8 л.с. 3B2-01005-1;механика (двигатель);Tohatsu, Hidea;;9.8F-01.06.10;;3B2-01005-1;оригинал;
3014;p;Торсионный вал Tohatsu M25-30 346-64301-5;редуктор;Tohatsu;;;;346-64301-5;оригинал;
3033;p;Сальник помпы Tohatsu M40C 332-60111-0;водяная помпа;Tohatsu;;;;332-60111-0;оригинал;
3056;p;Блок лепестковых клапанов  Tohatsu M30-40С  345-02100-1;механика (двигатель);Tohatsu;;;;345-02100-1;оригинал;
3108;p;Шайба регулировочная Tohatsu 26.5-34.8-0.1   369-64081-1 (Дубликат);редуктор;Tohatsu;;;;369-64081-1;дубликат;
3109;p;Шайба регулировочная Tohatsu 26.5-34.8-0.1   369-64081-1 (Оригинал);редуктор;Tohatsu;;;;369-64081-1;оригинал;
3143;p;Ремень ГРМ Tohatsu, Nissan, Evinrude MFS6,8,9,8 3V1-10045-0 (Оригинал);механика (двигатель);;;;;3V1-10045-0;оригинал;
3155;p;Шестерня переднего хода Tohatsu M/MF 6.8.9.8 л.с.3B2-64010-0  (Дубликат);редуктор;Tohatsu, Hidea;;9.8F-06.27;;3B2-64010-0;дубликат;
3170;p;Защелка для капота MF9,9-20    3BJ-67120-0;капот;Tohatsu;;;;3BJ-67120-0;оригинал;
3191;p;Ручка переключения скоростей Tohatsu 4-6л.с.  369-66110-4;управление;;;;;369-66110-4;оригинал;
3204;p;Пружина фиксатора угла наклона ПЛМ 4-18 л.с. 369-62122-2;Дейдвуд (нога);;;;;369-62122-2;оригинал;
3234;p;Пластина импеллера Tohatsu 6, 8, 9.8  3B2-65025-0;водяная помпа;Tohatsu, Hidea;;9.8F-06.13;;3B2-65025-0;оригинал;
3288;p;Шайба упорная гребного винта Tohatsu 9.8 3В2-64230-1;Гребной винт;;;;;3В2-64230-1;оригинал;
3315;p;Фильтр масляный для 4-х т.моторов Tohatsu  MF9.9-50 (3R0-07615-0/3BJ-07615-0) (Оригинал);топливная система;Tohatsu;;;;3R0-07615-0;оригинал;
3447;p;Рычаг переключения передач Tohatsu 3.5л.с. 3F0-66110-0;управление;;;;;3F0-66110-0;оригинал;
3504;p;Подшипник коленвала коренной нижний 9643-3-6203 Tohatsu M3.5;поршневая;Tohatsu;;;;9643-3-6203;оригинал;
3582;p;Корпус импеллера Tohatsu M/Mfs 2.5-3.5л.с. 3F0-65011-0 (Оригинал);водяная помпа;Tohatsu;;;;3F0-65011-0;оригинал;
3598;p;Сальник коленвала верхний Tohatsu M2.5-3.5  309-00121-0 (Оригинал);поршневая;Tohatsu;;;;309-00121-0;оригинал;
3599;p;Сальник коленвала верхний Tohatsu M2.5-3.5  309-00121-0 (Дубликат);поршневая;Tohatsu;;;;309-00121-0;дубликат;
3602;p;Сальник коленвала нижний большой Tohatsu M40,50 334-00122-0 (Оригинал);поршневая;Tohatsu;;;;334-00122-0;оригинал;
3603;p;Сальник коленвала нижний большой Tohatsu M40,50 334-00122-0 (Дубликат);поршневая;Tohatsu;;;;334-00122-0;дубликат;
3608;p;"Сальник помпы Tohatsu M/MFS9,9; 15; 18; 20   332-60223-0   (Оригинал)";водяная помпа;Tohatsu;;;;332-60223-0;оригинал;
3609;p;"Сальник помпы Tohatsu M/MFS9,9; 15; 18; 20   332-60223-0   (Дубликат)";водяная помпа;Tohatsu;;;;332-60223-0;дубликат;
3610;p;Кольцо поршневое ремонтное (+0,5мм)  8/9.8  3B2-00014-0;поршневая;Tohatsu;;;;3B2-00014-0;оригинал;
3613;p;Шайба для замка капота Tohatsu 6-9.8   3C8-67146-0;капот;Tohatsu, Hidea;;9.8F-02.11.04;;3C8-67146-0;оригинал;
3614;p;Шайба для замка капота 9,8__;капот;Tohatsu;;;;3R0-66308-0;оригинал;
3615;p;Шайба для замка капота фигурнпя Tohatsu 6-9,8   941403-1400;капот;Tohatsu;;;;941403-1400;оригинал;
3621;p;Втулка стартера 25-30л.с 345-05132-0;стартер;Tohatsu;;;;345-05132-0;оригинал;
3687;p;Защитная трубка вала привода 350-64322-0;Редуктор;;;;;350-64322-0;оригинал;
3689;p;Корпус топливного насоса Tohatsu M9.9-50  3C8-04002-0;механика (двигатель);;;;;3C8-04002-0;оригинал;
3746;p;Гайка торсионного вала Tohatsu 18 л.с.;Редуктор;Tohatsu;;;;346-64027-1;оригинал;
3748;p;Шкив ручного стартера Tohatsu M 6/8/9.8 3B2-05104-0;стартер;Tohatsu, Hidea;;9.8F-01.01.07;;3B2-05104-0;оригинал;
3772;p;Прокладка нижнего корпуса водяной помпы Tohatsu M/MFS 9.9-20 л.с. 3FS-65029-0;водяная помпа;Tohatsu;;;;3FS-65029-0;оригинал;
3773;p;Переходник топливного шланга-male  3B2-70260-1;топливная система;Tohatsu;;;;3B2-70260-1;оригинал;
3774;p;Корпус импеллера M/Mfs 6-9.8  3B2-65011-0;водяная помпа;Tohatsu, Hidea;;9.8F-06.09.02;;3B2-65011-0;оригинал;
3775;p;Прокладка корпуса помпы M/Mfs 9.8 97  3B2-65018-2;водяная помпа;Tohatsu;;;;3B2-65018-2;оригинал;
3777;p;Прокладка помпы охлаждения M/Mfs 6-9.8  3B2-65029-2;водяная помпа;Tohatsu;;;;3B2-65029-2;оригинал;
3780;p;Прокладка головки блока Tohatsu M25-30A4 346-01005-2 (Дубликат);механика (двигатель);Tohatsu;;;;346-01005-2;дубликат;
3782;p;Прокладка головки блока Tohatsu M25-30A4 346-01005-2 (Оригинал);механика (двигатель);Tohatsu;;;;346-01005-2;оригинал;
3864;p;Поршень ремонтный (+ 0,5мм) M8/9.8  3B2-00004-1;поршневая;Tohatsu;;;;3B2-00004-1;оригинал;
3866;p;Комплект поршневых колец M30  3MV-87123-0;поршневая;Tohatsu;;;;3MV-87123-0;оригинал;
3891;p;Торсионный вал Tohatsu 6/8/9.8  3B2-64306-1 (3B2-64301-0) (Дубликат);Редуктор;Tohatsu, Hidea;;9.8F-06.23.00;;3B2-64301-0;дубликат;
3893;p;Торсионный вал Tohatsu 6/8/9.8  3B2-64306-1 (3B2-64301-0) (Оригинал);Редуктор;Tohatsu, Hidea;;9.8F-06.23.00;;3B2-64301-0;оригинал;
3941;p;Болт для замка капота 9,8;капот;Tohatsu;;;;910103-6612;оригинал;
3942;p;Вал гребной Tohatsu 25.30 346-64211-6;Редуктор;Tohatsu;;;;346-64211-6;оригинал;
3944;p;Втулка для замка капота 9,8;капот;Tohatsu;;;;369-67105-0;оригинал;
3945;p;Втулка направ. для пруж. торсионного вала для MF25-30 346-64328-0;редуктор;Tohatsu;;;;346-64328-0;оригинал;
3946;p;"Игольчатый подшипник крышки гребного вала Tohatsu M9,9; 15;18 л.с 362-60211-0";редуктор;Tohatsu;;;;362-60211-0;оригинал;
3947;p;Кожух торсионного вала Tohatsu M6- 9.8 3B2Q61191-1 (3B2Q61020-1);Дейдвуд (нога);Tohatsu;;;;3B2Q61020-1;оригинал;
3948;p;Коленвал Toh 25,30 2-т;поршневая;Tohatsu;;;;3P1-00030-0;оригинал;
3949;p;Колпачок свечной электрический 346-06999-0;электрика;Tohatsu;;;;346-06999-0;оригинал;
3952;p;Комплект установочный для Д\У на Tohatsu 9.9,15,18  398-83880-1;управление;Tohatsu;;;;398-83880-1;оригинал;
3953;p;Корпус торсионного вала Tohatsu 9.8;Дейдвуд (нога);Tohatsu;;;;3B2Q61191-1;оригинал;
3954;p;Кронштейн крепления румпеля Tohatsu 9.9, 15,18 л.с 350Q62010-2 (350Q62010-1);Управление;Tohatsu;;;;350Q62010-1;оригинал;
3958;p;Поворотный кронштейн Toh\Nis 9.8;Дейдвуд (нога);Tohatsu;;;;3B2Q62310-0;оригинал;
3965;p;Подшипник торсионного вала опрорный для MF25-30 346-60213-0;Редуктор;Tohatsu;;;;346-60213-0;оригинал;
3967;p;Прокладка под блок Tohatsu M/MFS9.8 3B2-61012-2;механика (двигатель);Tohatsu;;;;3B2-61012-2;оригинал;
3969;p;Пружина фиксации рычага реверса M9,9/15/18;Дейдвуд (нога);Tohatsu;;;;3G2-66331-0;оригинал;
3970;p;Пружина кулачка стратера M6/8/9.8 369-05012-0;стартер;Tohatsu, Hidea;;9.8F-01.01.05;;369-05012-0;оригинал;
3971;p;Пружина стартера фрикционная M6/8/9.8 369-05007-0;стартер;Tohatsu;;;;369-05007-0;оригинал;
3973;p;Уплотнитель капота Tohatsu MFS4/5/6 (3H6-67501-0) 3GR-67501-0;капот;Tohatsu;;;;3H6-67501-0;оригинал;
3975;p;Ремень ГРМ Tohatsu, Nissan, Evinrude MFS9.9/15/18/20.;механика (двигатель);Tohatsu;;;;3H8-10061-0;оригинал;
3976;p;Рукоятка для замка капота M5/6/8/9.8 MFS6;капот;Tohatsu;;;;369Q67141-1;оригинал;
3979;p;Ручка для замка капота 9,8 в сборе                                убрать;;Tohatsu;;;;;;
3980;p;Ручка переключения скоростей Tohatsu MFS4/5/6л.с. 3H6-66110-0;управление;Tohatsu;;;;3H6-66110-0;оригинал;
3983;p;Уплотнительное кольцо крышки редуктора Tohatsu M/MFS2-9.8 345-65015-0  (3.2x47);Редуктор;Tohatsu;;;;345-65015-0;оригинал;
3990;p;Флажок анода Tohatsu M/MFS6.8,9.8,9.9.15,18 3V1-60217-0;Редуктор;Tohatsu;;;;3V1-60217-0;оригинал;
3991;p;Уплотнение для замка капота Tohatsu M4-30 338-67147-0;капот;Tohatsu;;;;338-67147-0;оригинал;
3992;p;Фиксатор (лепесток) храповика стартера Tohatsu M/MFS6/8/9.8 3B2-05003-1;стартер;Tohatsu;;;;3B2-05003-1;оригинал;
3994;p;Шестерня заднего хода Tohatsu MF30 3NV-64030-0;Редуктор;Tohatsu;;;;3NV-64030-0;оригинал;
3995;p;Шестерня переднего хода Tohatsu MF25-30   3NV-64010-0;редуктор;Tohatsu;;;;3NV-64010-0;оригинал;
4069;p;Редуктор в сборе Tohatsu/HIDEA 9.8F-06.00.00.00 (3B2S87301-0) (Дубликат);Редуктор;Tohatsu;;9.8F-06.00.00.00;;3B2S87301-0;дубликат;
4149;p;Шпонка помпы охлаждения Tohatsu M/MFS9.9/15/18/20 л.с.;водяная помпа;Tohatsu;;;;350-65022-0;оригинал;
4156;p;Подшипник торсионного вала MFS20 M18;Редуктор;Tohatsu;;;;3BJ-60213-0;оригинал;
4157;p;Шестерня ведущая Tohatsu MFS 9.9, 15, 18, 20 3BJ-64020-0;Редуктор;Tohatsu;;;;3BJ-64020-0;оригинал;
4159;p;Торсионный вал Tohatsu MF9.9/15/20 309-70011-0;Редуктор;Tohatsu;;;;309-70011-0;оригинал;
4161;p;Капот Tohatsu 6-8-9.8;капот;Tohatsu;;;;3B2Q67645-5;оригинал;
4171;p;Подшипник игольчатый поршневого пальца Tohatsu 25-30 л.с. 345-00042-0;поршневая;Tohatsu;;;;345-00042-0;оригинал;
4172;p;Подшипник колевала коренной M25,30,40C;поршневая;Tohatsu;;;;345-00113-0;оригинал;
4173;p;Пружина A ручного стартера Tohatsu 25-30, 40C л.с. 345-05123-1 (345-05123-0);стартер;Tohatsu;;;;345-05123-0;оригинал;
4174;p;Пружина B ручного стартера Tohatsu 25-30 л.с 345-05124-0;стартер;Tohatsu;;;;345-05124-0;оригинал;
4175;p;Игольчатый шатунный подшипник Tohatsu 25-30л.с. 356-00043-0;поршневая;Tohatsu;;;;356-00043-0;оригинал;
4176;p;Шариковый подшипник коленвала Tohatsu 25-30л.с. 3J2-00114-0;поршневая;Tohatsu;;;;3J2-00114-0;оригинал;
4180;p;Топливный кран Tohatsu M2.5/3,5 309-70011-0;топливная система;Tohatsu;;;;309-70011-0;оригинал;
4184;p;Сальник-кольцо ручки переключения передач Tohatsu 3,5 л.с. 3G9-66136-0;управление;Tohatsu;;;;3G9-66136-0;оригинал;
4188;p;Прокладка под блок Tohatsu M25.30.40С 346-01303-1;механика (двигатель);Tohatsu;;;;346-01303-1;оригинал;
4190;p;Наконечник рукоятки газа, подсоса Tohatsu M2,5-3,5 309-03401-0;управление;Tohatsu;;;;309-03401-0;оригинал;
4201;p;Выпрямитель тока для Tohatsu M6-40 346-76160-2;электрика;Tohatsu;;;;346-76160-2;оригинал;
4202;p;Выпрямитель тока для Tohatsu M4-5 369-76060-1;электрика;Tohatsu;;;;369-76060-1;оригинал;
4203;p;Катушка генерирующая Tohatsu M4-5 12V 60W 399-06023-1;электрика;Tohatsu;;;; 399-06023-1;оригинал;
4204;p;Катушка генерирующая (генератор) Tohatsu M9,8 12V 80W 3B2-06123-1 (3B2-06128-0);электрика;Tohatsu;;;;3B2-06128-0;оригинал;
4206;p;Болт блокировки стартера Tohatsu 3V9-05254-0 (338-05254-0);стартер;Tohatsu;;;;3V9-05254-0;оригинал;
4234;p;Шайба упорная Tohatsu M/MFS 4-9.8л.с. 3AS-64230-0 (Оригинал);Гребной винт;Tohatsu;;;;3AS-64230-0;оригинал;
4236;p;Шайба упорная Tohatsu M/MFS 4-9.8л.с. 3AS-64230-0 (Дубликат);Гребной винт;Tohatsu;;;;3AS-64230-0;дубликат;
4263;p;Игольчатый подшипник торсионного вала Tohatsu M25-30  3AE-60211-0 (346-60211-0);Редуктор;Tohatsu;;;;346-60211-0;оригинал;
4264;p;Уплотнение тяги переключения передач Tohatsu 6-9.8  369-66043-1;управление;Tohatsu;;;;369-66043-1;оригинал;
4284;p;Втулка поворотного узла Tohatsu M2.5-3.5  309-62321-1;Дейдвуд (нога);Tohatsu;;;;309-62321-1;оригинал;
4297;p;Карбюратор Tohatsu MFS 20D 3BJ-03100-0;топливная система;Tohatsu;;;;3BJ-03100-0;оригинал;
4306;p;Шестерня переднего хода (A) Tohatsu MFS 9.9, 15, 20 3BJ-64010-0;Редуктор;Tohatsu;;;;3BJ-64010-0;оригинал;
4308;p;Вал гребной Tohatsu MFS 9.9, 15, 20  3BA-64211-0;Редуктор;Tohatsu;;;;3BA-64211-0;оригинал;
4310;p;Шестерня заднего хода (C) Tohatsu MFS 9.9, 15, 20  3BJ-64030-0;Редуктор;Tohatsu;;;;3BJ-64030-0;оригинал;
4312;p;Низковольтная катушка зажигания Tohatsu/Hidea 3B2-06120-0 (9.8F-01.03.06.00) (Оригинал);электрика;Tohatsu, Hidea;;9.8F-01.03.06.00;;3B2-06120-0;оригинал;
4315;p;Низковольтная катушка зажигания Tohatsu/Hidea 3B2-06120-0 (9.8F-01.03.06.00) (Дубликат);электрика;Tohatsu, Hidea;;9.8F-01.03.06.00;;3B2-06120-0;дубликат;
4341;p;Сальник коленвала нижний  малый Tohatsu M 40-50 3C8-01215-0  16x28x7;поршневая;Tohatsu;;;;3C8-01215-0;оригинал;
4343;p;Уплотнительное кольцо крышки редуктора Tohatsu M/MF 25-30  (3.2x47) 332-60103-0;Редуктор;Tohatsu;;;;332-60103-0;оригинал;
4443;p;Уплотнительное кольцо крышки редуктора Tohatsu M/MF 40-50   345-60103-0  (3.2x47);Редуктор;Tohatsu;;;;345-60103-0;оригинал;
4468;p;Подшипник игольчатый поршневого пальцаTohatsu 6/8/9.8л.с. 338-00042-0;поршневая;Tohatsu;;;;338-00042-0;оригинал;
4484;p;Пластина помпы M25/30/40C 348-65025-0;водяная помпа;Tohatsu;;;;348-65025-0;оригинал;
4513;p;Подшипник коленвала  верхний Tohatsu M2.5-3.5 3F0-00113-0 (9643-3-6004) (Дубликат);;Tohatsu;;;;3F0-00113-0;дубликат;
4590;p;Прокладка помпы M25/30/40C 348-65018-0;водяная помпа;Tohatsu;;;;348-65018-0;оригинал;
4592;p;Сальник гребного вала Tohatsu M40C40D,50D 334-60223-0;Редуктор;Tohatsu;;;;334-60223-0;оригинал;
4600;p;Прокладка крышки помпы Tohatsu M 25/30/40C 348-65029-1;водяная помпа;Tohatsu;;;;348-65029-1;оригинал;
4610;p;Болт (ось) румпеля Tohatsu M9.9-40  346-63201-3;управление;Tohatsu;;;;346-63201-3;оригинал;
4635;p;Прокладка корпуса торсионного вала (прокладка дейдвуда) Tohatsu M3.5 309-61012-3 (3.5F-05.04) (Дубликат  3.5F-05.04);Дейдвуд (нога);Tohatsu, Hidea;;3.5F-05.04;;309-61012-3;дубликат;
4646;p;Сальник помпы Tohatsu M/MFS40,50 3C8-60223-0;Редуктор;Tohatsu;;;;3C8-60223-0;оригинал;
4647;p;Крышка бензобака Tohatsu 5 л.с. 2т.  393-70020-6;топливная система;Tohatsu;;;;393-70020-6;оригинал;
4648;p;Втулка румпеля 369-63102-0;Управление;Tohatsu;;;;369-63102-0;оригинал;
4651;p;Подшипник гребного вала задний Tohatsu M4-5 9601-0-6002;Редуктор;Tohatsu;;;;9601-0-6002;оригинал;
4656;p;Сальник коленвала верхний Tohatsu M4/5/6/8/9,8 3AB-00121-0;поршневая;Tohatsu;;;;3AB-00121-0;оригинал;
4657;p;Подшипник коленвала  Tohatsu M9.9-15-18л.с. 9603-3-6305;поршневая;Tohatsu;;;;9603-3-6305;оригинал;
12708;p;Прокладка головки блока Tohatsu/HIDEA  M6,8,9.8 л.с 3B2-01005-1 (9.8F-01.06.10) (Дубликат Тайвань);механика (двигатель);Tohatsu, Hidea;;9.8F-01.06.10;;3B2-01005-1;дубликат;
12683;p;Поворотный кронштейн, часть В Tohatsu 4-5 л.с. 2т. 393Q62392-1 (Оригинал);Дейдвуд (нога);Tohatsu;;;;393Q62392-1;оригинал;
4771;p;Ручка переключения передач для Tohatsu MF4-5-6   3GR-66110-0;управление;Tohatsu;;;;3GR-66110-0;оригинал;
4781;p;Прокладка головки блока Tohatsu M40С 345-01005-1;механика (двигатель);Tohatsu;;;;345-01005-1;оригинал;
4800;p;Поршень стандарт Tohatsu  M25-30 346-00001-3 (346-00001-1) (Дубликат);поршневая;Tohatsu;;;;346-00001-1;дубликат;
4804;p;Поршень стандарт Tohatsu  M25-30 346-00001-3 (346-00001-1) (Оригинал);поршневая;Tohatsu;;;;346-00001-1;оригинал;
4813;p;Шатун Tohatsu 25/30   336-00040-1;поршневая;Tohatsu;;;;336-00040-1;оригинал;
4826;p;Пластина газа Tohatsu 15/18  3M3-63718-0;механика (двигатель);Tohatsu;;;;3M3-63718-0;оригинал;
4828;p;Игольчатый шатунный подшипник Tohatsu 8-9.8л.с. 3B2-00043-0;поршневая;Tohatsu;;;;3B2-00043-0;оригинал;
4836;p;Пружина блокировки стартера  M25//30/40C 345-05216-0;стартер;Tohatsu;;;;345-05216-0;оригинал;
4857;p;Подшипник гребного вала  Tohatsu M/MF2,5-9.8  9601-0-6004 (Оригинал);Редуктор;Tohatsu;;;;9601-0-6004;оригинал;
4859;p;Подшипник гребного вала  Tohatsu M/MF2,5-9.8  9601-0-6004 (Дубликат);Редуктор;Tohatsu;;;;9601-0-6004;дубликат;
4861;p;Подшипник гребного вала передний Tohatsu M6.8.9,8    9601-0-6204 (Дубликат);Редуктор;Tohatsu;;;;9601-0-6204;дубликат;
4868;p;Подшипник гребного вала передний Tohatsu M6.8.9,8    9601-0-6204 (Оригинал);Редуктор;Tohatsu;;;;9601-0-6204;оригинал;
4874;p;"Крыльчатка водяной помпы на Toh 8; 9.8 л.с 3B2-65021-1 (Оригинал)";водяная помпа;Tohatsu;;9.8F-06.10.00;;3B2-65021-1;оригинал;
4875;p;"Крыльчатка водяной помпы на Toh 8; 9.8 л.с 3B2-65021-1 (Дубликат)";водяная помпа;Tohatsu;;9.8F-06.10.00;;3B2-65021-1;дубликат;
4899;p;Шпонка крыльчатки помпы Tohatsu M25/30/40C 332-65022-0;водяная помпа;Tohatsu;;;;332-65022-0;оригинал;
4900;p;Тяга  блокировки стартера Tohatsu M40/50 3P0-05218-0;стартер;Tohatsu;;;;3P0-05218-0;оригинал;
4902;p;Палец шатунный нижний Tohatsu 25/30  334-00061-1;поршневая;Tohatsu;;;;334-00061-1;оригинал;
4904;p;Подшипник опорный гребного вала Tohatsu MFS 9.9, 15, 20  3BJ-60215-0;Редуктор;Tohatsu;;;;3BJ-60215-0;оригинал;
4905;p;Набор для установки винта 3V9-87326-0;Гребной винт;Tohatsu;;;;3V9-87326-0;оригинал;
4907;p;Игольчатый подшипник торсионного вала Tohatsu 8-9.8л.с. 3B2-60211-0 (Дубликат);Редуктор;Tohatsu;;;;3B2-60211-0;дубликат;
4911;p;Игольчатый подшипник торсионного вала Tohatsu 8-9.8л.с. 3B2-60211-0 (Оригинал);Редуктор;Tohatsu;;;;3B2-60211-0;оригинал;
4925;p;Храповик  стартера Tohatsu M9.9-30  345-05003-1;стартер;Tohatsu;;;;345-05003-1;оригинал;
4930;p;Фиксатор усилия/угла поворота мотора Tohatsu М 4/5 369-62441-1;Дейдвуд (нога);Tohatsu;;;;369-62441-1;оригинал;
4938;p;Уплотнение капота Tohatsu MFS 6-9.8 л.с. 3V2-67501-0;капот;Tohatsu;;;;3V2-67501-0;оригинал;
4939;p;Шестерня заднего хода Tohatsu M25-30л.с.  346-64030-0;Редуктор;Tohatsu;;;;346-64030-0;оригинал;
4942;p;Анод с флажком Tohatsu 9.8 3V1-60217-0;Редуктор;Tohatsu;;;;3V1-60217-0;оригинал;
4955;p;Палец поршневой Tohasu 25/30 3C8-00021-1;поршневая;Tohatsu;;;;3C8-00021-1;оригинал;
4956;p;Подшипник коленвала M30/M40C 345-00114-0;поршневая;Tohatsu;;;;345-00114-0;оригинал;
5082;p;Редуктор в сборе (S) Tohatsu M9.9, 15, 18   398Q87301-4;редуктор;Tohatsu;;;;398Q87301-4;оригинал;
5164;p;"Крышка топливного насоса Tohatsu M9.9-18; 40-50 3C8-04004-0";топливная система;Tohatsu;;;;3C8-04004-0;оригинал;
5207;p;Коммутатор для Tohatsu MFS 99-20 л.с. (C.D. unit) 3BJ-06060-1;электрика;Tohatsu;;;;3BJ-06060-1;оригинал;
5232;p;Шестерня переднего хода Tohatsu M9.9/15/18  350-64010-0 (Дубликат);редуктор;Tohatsu;;;;350-64010-0;дубликат;
5233;p;Шестерня переднего хода Tohatsu M9.9/15/18  350-64010-0 (Оригинал);Редуктор;Tohatsu;;;;350-64010-0;оригинал;
5234;p;"Крыльчатка водяной помпы на Toh M/MF 9.9; 15; 18 л.с. 334-65021-0 (Дубликат)";водяная помпа;Tohatsu;;;;334-65021-0;дубликат;
5238;p;"Крыльчатка водяной помпы на Toh M/MF 9.9; 15; 18 л.с. 334-65021-0 (Оригинал)";водяная помпа;Tohatsu;;;;334-65021-0;оригинал;
5264;p;Румпель для Tohatsu M9.8  л.с. в сборе (KIT) 3B2Q63000-2 (3B2Q63005-0, 3B2Q63005-13B2Q63005-2);Управление;Tohatsu;;;;3B2Q63000-2;оригинал;
5300;p;Прокладка головки блока Tohatsu M9,9,15 л.с. 351-01005-1 (351-01005-0) (Дубликат);механика (двигатель);Tohatsu;;;;351-01005-0;дубликат;
5303;p;Прокладка головки блока Tohatsu M9,9,15 л.с. 351-01005-1 (351-01005-0) (Оригинал);механика (двигатель);Tohatsu;;;;351-01005-0;оригинал;
5344;p;Сальник коленвала нижний малый Tohatsu M25,30,40С  346-01215-0 (Оригинал);поршневая;Tohatsu;;;;346-01215-0;оригинал;
5346;p;Пластина водяного насоса M/Mfs 9.9-20  350-65025-0;водяная помпа;Tohatsu;;;;350-65025-0;оригинал;
5348;p;Сальник коленвала нижний малый Tohatsu M25,30,40С  346-01215-0 (Дубликат);поршневая;Tohatsu;;;;346-01215-0;дубликат;
5379;p;Уплотнитель капота Tohatsu M4,5,6.8.9.8  3B2-67501-1 (394-67501-0, 369-67501-0);капот;Tohatsu;;;;3B2-67501-1;оригинал;
5380;p;Шайба  стартера Tohatsu 345-05122-1;стартер;Tohatsu;;;;345-05122-1;оригинал;
5431;p;Корпус вод.насоса  M/Mfs 8/9.8 97  3B2-65016-0;водяная помпа;Tohatsu;;9.8F-06.09.01;;3B2-65016-0;оригинал;
5437;p;Корпус водяного насоса Tohatsu M2.3-3.5  3F0-65016-0;водяная помпа;Tohatsu;;;;3F0-65016-0;оригинал;
5443;p;Катушка зажигания высоковольтная Tohatsu 9.9-15-18 л.с. 3M3-06048-2;электрика;Tohatsu;;;;3M3-06048-2;оригинал;
5458;p;Стопорное кольцо (E-clip) Tohatsu 9.9-30 945303-0500 ;стартер;Tohatsu;;;;945303-0500;оригинал;
5461;p;Коммутатор для Tohatsu M25-30 л.с. (C.D. unit) 3P0-06060-0;электрика;Tohatsu;;;;3P0-06060-0;оригинал;
5514;p;Карбюратор Tohatsu M4-6 369-03200-2;топливная система;Tohatsu;;;;369-03200-2;оригинал;
5519;p;Внутренний бензобак Tohatsu MFS 2-3.5л.с. 3AB-70310-3 (3GT-70310-1);топливная система;Tohatsu;;;;3AB-70310-3;оригинал;
5526;p;Кольцо поршневое Tohatsu M30-50 стандарт  346-00011-0 (Оригинал);поршневая;Tohatsu;;;;346-00011-0;оригинал;
5527;p;Кольцо поршневое Tohatsu M30-50 стандарт  346-00011-0 (Дубликат);поршневая;Tohatsu;;;;346-00011-0;дубликат;
5549;p;Прокладка корпуса торсионного вала Tohatsu M4-5 л.с. 369-61012-2;Дейдвуд (нога);Tohatsu;;;;369-61012-2;оригинал;
5590;p;Шестерня заднего хода Tohatsu M/MF 4,5,6л.с. 369-64030-2 (Оригинал);Редуктор;Tohatsu;;;;369-64030-2;оригинал;
5592;p;Шестерня заднего хода Tohatsu M/MF 4,5,6л.с. 369-64030-2 (Дубликат);Редуктор;Tohatsu;;;;369-64030-2;дубликат;
5593;p;Кольцо поршневое стандарт Tohatsu M6-9.8  3B2-00011-0 (Дубликат);поршневая;Tohatsu, Hidea;;9.8F-01.06.22(3);; 3B2-00011-0;дубликат;
5594;p;Кольцо поршневое стандарт Tohatsu M6-9.8  3B2-00011-0 (Оригинал);поршневая;Tohatsu;;9.8F-01.06.22(3);;3B2-00011-0;оригинал;
5595;p;Поршень стандартный Tohatsu M8/9.8  3B2-00001-1;поршневая;Tohatsu, Hidea;;9.8F-01.06.21;;3B2-00001-1(0);оригинал;
5596;p;Палец поршневой Tohasu M 6.8.9.8  3B2-00021-1;поршневая;Tohatsu, Hidea;;9.8F-01.06.24;;3B2-00021-1(0);оригинал;
5633;p;Диск стартера Tohatsu/Hidea 3R1-05104-0  (9.8F-01.01.07) (Дубликат);стартер;Tohatsu, Hidea;;9.8F-01.01.07;;3R1-05104-0;дубликат;
5661;p;Поплавковая камера для Tohatsu M2.5-3.5 309-03120-0;топливная система;Tohatsu;;;;309-03120-0;оригинал;
5670;p;Шариковый подшипник коленвала верхний Tohatsu 25-30л.с. 3KM-00113-0;поршневая;Tohatsu;;;;3KM-00113-0;оригинал;
5680;p;Кольцо поршневое стандарт  Tohatsu M9.9 -15  3G2-00011-0 (Оригинал);поршневая;Tohatsu;;;;3G2-00011-0;оригинал;
5681;p;Кольцо поршневое стандарт  Tohatsu M9.9 -15  3G2-00011-0 (Дубликат);поршневая;Tohatsu;;;;3G2-00011-0;дубликат;
5695;p;Приводной рычаг Tohatsu/Hidea 3R1-05003-2 (9.8F-01.01.04) (Дубликат);стартер;Tohatsu, Hidea;;9.8F-01.01.04;;3R1-05003-2;дубликат;
5697;p;Фрикционная пружина стартера Tohatsu/Hidea 3R1-05007-0 (9.8F-01.01.05) (Дубликат);стартер;Tohatsu, Hidea;;9.8F-01.01.05;;3R1-05007-0;дубликат;
5699;p;Пружина приводного рычага Tohatsu/Hidea 3R1-05012-0  (9.8F-01.01.06) (Дубликат);стартер;Tohatsu, Hidea;;9.8F-01.01.06;;3R1-05012-0;дубликат;
5701;p;Штифт водяной помпы Tohatsu/Hidea 9.8F-06.12 (Дубликат);водяная помпа;Tohatsu, Hidea;;9.8F-06.12;;;дубликат;
5709;p;Прокладка головки блока Tohatsu M18 л.с. 350-01005-1 (350-01005-0) (Дубликат);механика (двигатель);Tohatsu;;;;350-01005-1(0);дубликат;
5710;p;Прокладка головки блока Tohatsu M18 л.с. 350-01005-1 (350-01005-0) (Оригинал);механика (двигатель);Tohatsu;;;;350-01005-1(0);оригинал;
5721;p;Корпус румпеля Tohatsu M15-18-25-30 398Q63011-1;Управление;Tohatsu;;;;398Q63011-1;оригинал;
5727;p;Кольцо поршневое стандарт Tohatsu M18  350-00011-0 (Оригинал);поршневая;Tohatsu;;;;350-00011-0;оригинал;
5729;p;Кольцо поршневое стандарт Tohatsu M18  350-00011-0 (Дубликат);поршневая;Tohatsu;;;;350-00011-0;дубликат;
5778;p;Анод Tohatsu M/Mfs 25-50 3C8-60217-1;Редуктор;Tohatsu;;;;3C8-60217-1;оригинал;
5806;p;Корпус импеллера 3C8-65011-1;водяная помпа;Tohatsu;;;;3C8-65011-1;оригинал;
5808;p;Корпус помпы Tohatsu M/Mfs 40, 50  3T5-65016-0;водяная помпа;Tohatsu;;;;3T5-65016-0;оригинал;
5816;p;Фиксатор тяги (клипса) Tohatsu  345-05223-1;механика (двигатель);;;;;345-05223-1;оригинал;
5818;p;Наконечник тяги блокировки стартера Tohatsu M30-40 346-05209-0;стартер;;;;;346-05209-0;оригинал;
5820;p;Шайба пружинная Tohatsu 940103-0400 ;крепеж;Tohatsu;;;;940103-0400;оригинал;
5838;p;Сальник коленвала верхний Tohatsu M25,30, 40C 126-00121-0 (Дубликат);поршневая;Tohatsu;;;;126-00121-0;дубликат;
5840;p;Сальник коленвала верхний Tohatsu M25,30, 40C 126-00121-0 (Оригинал);поршневая;Tohatsu;;;;126-00121-0;оригинал;
5855;p;Корпус храповика стартера Tohatsu M4-5 л.с. 3R1-05901-0;стартер;Tohatsu;;;;3R1-05901-0;оригинал;
5917;p;Прокладка корпуса торсионного вала Tohatsu M6,8,9.8 л.с. 3B2-01303-2;Редуктор;Tohatsu;;;;3B2-01303-2;оригинал;
5923;p;Крышка бензобака Tohatsu M/Mfs 2,5-3,5 (2т) и 2-6 (4т) 3GP-70020-0 (309-70020-2) (Оригинал);топливная система;Tohatsu;;;;3GP-70020-0 (309-70020-2);оригинал;
5931;p;Прокладка дейдвуда Tohatsu Mfs 5/6 3H6-61012-0 (Оригинал);Дейдвуд (нога);Tohatsu;;;;3H6-61012-0;оригинал;
5933;p;Крыльчатка помпы охл. Tohatsu MFS25-MFS30 M25-M30-M40   345-65021-0  (Дубликат);водяная помпа;Tohatsu;;;;345-65021-0;дубликат;
5934;p;Крыльчатка помпы охл. Tohatsu MFS25-MFS30 M25-M30-M40   345-65021-0  (Оригинал);водяная помпа;Tohatsu;;;;345-65021-0;оригинал;
5942;p;Шестерня переднего хода Tohatsu M25C3/M30A4, MSF25A/B, MSF30A/B, Mercury 25, 30  346-64010-1;редуктор;Tohatsu;;;;346-64010-1;оригинал;
5971;p;Сальник коленвала нижний большой Tohatsu M6,8,9.8  3B2-00122-1;поршневая;Tohatsu;;;;3B2-00122-1;оригинал;
5987;p;Коммутатор для Tohatsu M9.9-18 л.с. (C.D. unit) 3G2-06060-2   (Дубликат);электрика;Tohatsu, Hidea;;20F-01.03.02.00;;3G2-06060-2;дубликат;
5989;p;Коммутатор для Tohatsu M9.9-18 л.с. (C.D. unit) 3G2-06060-2   (Оригинал);электрика;Tohatsu, Hidea;;20F-01.03.02.00;;3G2-06060-2;оригинал;
6020;p;Стопорное кольцо поршневого пальца Tohatsu 25-30  334-00024-1;поршневая;Tohatsu;;;;334-00024-1;оригинал;
6049;p;"Шестерня ведущая Tohatsu/HIDEA M/MFS 6, 8; 9.8 л.с.3B2-64020-0 (9.8F-06.29) (Дубликат)";редуктор;Tohatsu;;9.8F-06.29;;3B2-64020-0;дубликат;
6051;p;"Шестерня ведущая Tohatsu/HIDEA M/MFS 6, 8; 9.8 л.с.3B2-64020-0 (9.8F-06.29) (Оригинал)";Редуктор;Tohatsu;;9.8F-06.29;;3B2-64020-0;оригинал;
6092;p;Воздухозаборник на карбюратор  369-02501-2;топливная система;Tohatsu;;;;369-02501-2;оригинал;
6138;p;Прокладка головки цилиндра Mfs 5/6 3H6-01005-1 (Дубликат);механика (двигатель);Tohatsu;;;;3H6-01005-1;дубликат;
6141;p;Прокладка головки цилиндра Mfs 5/6 3H6-01005-1 (Оригинал);механика (двигатель);Tohatsu;;;;3H6-01005-1;оригинал;
6143;p;Стопорное кольцо Tohatsu 2-18 350-00024-1;поршневая;Tohatsu, Hidea;;9.8F-01.06.25;;350-00024-1;оригинал;
6144;p;Ведущая шестерня Tohatsu M/Mfs 25/30 346-64020-1;Редуктор;Tohatsu;;;;346-64020-1;оригинал;
6149;p;Втулка рычага переключения передач Tohatsu M6-9.8  350-67101-0 (Оригинал);Дейдвуд (нога);Tohatsu, Hidea;;9.8F-01.05.06;;350-67101-0;оригинал;
6150;p;Корпус водяного насосса Tohatsu M/MF 4-5  369-65016-0;водяная помпа;Tohatsu;;;;369-65016-0;оригинал;
6154;p;Сальник помпы Tohatsu M5,MF5 369-60223-0 (Дубликат);Редуктор;Tohatsu;;;;369-60223-0;дубликат;
6157;p;Сальник помпы Tohatsu M5,MF5 369-60223-0 (Оригинал);Редуктор;Tohatsu;;;;369-60223-0;оригинал;
6166;p;Гайка гребного винта Tohatsu 9.9-30 л.с. 346-64121-5 (TANT (TBNT));Гребной винт;Tohatsu, Hidea;;20F-06.00.00.01;;346-64121-5;дубликат;
6168;p;Гайка гребного винта Tohatsu 9.9-30 л.с. 346-64121-5 (Китай);Гребной винт;Tohatsu, Hidea;;20F-06.00.00.01;;346-64121-5;дубликат;
6181;p;Пластина  помпы Tohatsu M/Mfs 4-6 л.с.  369-65025-0 (Оригинал);Гребной винт;Tohatsu;;;;369-65025-0;оригинал;
6183;p;Пластина  помпы Tohatsu M/Mfs 4-6 л.с.  369-65025-0 (Дубликат);Гребной винт;Tohatsu;;;;369-65025-0;дубликат;
6201;p;Корпус импеллера  M/Mfs 9.9-20 97  350-65011-1 (Дубликат);водяная помпа;Tohatsu, Hidea;;20F-06.00.00.05;;350-65011-1;дубликат;
6202;p;Корпус импеллера  M/Mfs 9.9-20 97  350-65011-1 (Оригинал);водяная помпа;Tohatsu, Hidea;;20F-06.00.00.05;;350-65011-1;оригинал;
6209;p;Крыльчатка водяной помпы Tohatsu M40,50,60.90.120 л.с 3B7-65021-2 (Оригинал);водяная помпа;Tohatsu;;;;3B7-65021-2;оригинал;
6210;p;Корпус импеллера Tohatsu M40-120 л.с.  3B7-65238-0 (Оригинал);водяная помпа;Tohatsu;;;;3B7-65238-0;оригинал;
6224;p;Прокладка поддона со стороны дейдвудаTohatsu M9.9-18 л.с. 350-61012-2 (Дубликат 20F-02.00.00.11);Дейдвуд (нога);Tohatsu, Hidea;;20F-02.00.00.11;;350-61012-2;дубликат;
6225;p;Прокладка поддона со стороны дейдвудаTohatsu M9.9-18 л.с. 350-61012-2 (Оригинал);Дейдвуд (нога);Tohatsu, Hidea;;20F-02.00.00.11;;350-61012-2;оригинал;
6245;p;Шайба гребного винта Tohatsu M/MFS 4-9.8л.с. 369-64124-0 (Дубликат);Гребной винт;Tohatsu;;;;369-64124-0;дубликат;
6246;p;Шайба гребного винта Tohatsu M/MFS 4-9.8л.с. 369-64124-0 (Оригинал);Гребной винт;Tohatsu;;;;369-64124-0;оригинал;
6269;p;Распредвал Tohatsu MFS30  3AC-07010-1;механика (двигатель);Tohatsu;;;;3AC-07010-1;оригинал;
6271;p;Мембрана А топливного насоса Tohatsu M25-30л.с. 334-04005-0 (Оригинал);топливная система;Tohatsu;;;;334-04005-0;оригинал;
6272;p;Мембрана с прокладкой топливной помпы Tohatsu M25-120 л.с. 356-04030-0 (Оригинал);топливная система;Tohatsu;;;;356-04030-0;оригинал;
6273;p;Прокладка мембраны топливного насоса Tohatsu M25-30 л.с.334-04007-0 (Оригинал);топливная система;Tohatsu;;;;334-04007-0;оригинал;
6308;p;Пружина A ручного стартера Tohatsu 9,9-20 л.с. 350-05123-0;стартер;Tohatsu, Hidea;;20F-01.01.00.05;;350-05123-0;оригинал;
6331;p;Муфта сцепления Tohatsu M4-5 301-64215-1;Редуктор;Tohatsu;;;;301-64215-1;оригинал;
6361;p;Кольцо поршневое 5F-01.01.01.06;поршневая;Tohatsu, Hidea;;5F-01.01.02.06;;351-00011-0;дубликат;
6382;p;Гайка гребного винта Tohatsu M/MF 4-9.8 л.с. 369-64121-0;Гребной винт;Tohatsu;;;;369-64121-0;оригинал;
6405;p;Корпус приводного рычага Tohatsu/Hidea 3R1-05006-2  (9.8F-01.01.02) (Дубликат);стартер;Tohatsu, Hidea;;9.8F-01.01.02;;3R1-05006-2;дубликат;
6412;p;Внутренний бак Tohatsu 5 л.с. 369-70316-4 (Дубликат Тайвань 5F-01.04.11.00 (020235-869-2111));топливная система;Tohatsu, Hidea;;5F-01.04.11.00;;369-70316-4;дубликат;
6417;p;Внутренний бак Tohatsu 5 л.с. 369-70316-4 (Оригинал Япония 369-70316-4);топливная система;Tohatsu;;5F-01.04.11.00;;369-70316-4;оригинал;
6464;p;Прокладка карбюратора Mfs 9.9/15/20 3BJ-03952-0;топливная система;Tohatsu;;;;3BJ-03952-0;оригинал;
6466;p;"Ведущая  шестерня Toh 9.9; 15; 18 л.с. 350-64020-0 (Дубликат)";редуктор;Tohatsu;;;;350-64020-0;дубликат;
6470;p;"Ведущая  шестерня Toh 9.9; 15; 18 л.с. 350-64020-0 (Оригинал)";редуктор;Tohatsu;;;;350-64020-0;оригинал;
6471;p;Прокладка крышки топливного насоса Tohatsu M9,9-50 3C8-04018-0 (Дубликат);топливная система;Tohatsu;;;;3C8-04018-0;дубликат;
6474;p;Прокладка крышки топливного насоса Tohatsu M9,9-50 3C8-04018-0 (Оригинал);топливная система;Tohatsu;;;;3C8-04018-0;оригинал;
6480;p;Крыльчатка водяной помпы Tohatsu 40/50л.с 3C8-65021-2 (Оригинал);водяная помпа;Tohatsu;;;;3C8-65021-2;оригинал;
6481;p;Крыльчатка водяной помпы Tohatsu 40/50л.с 3C8-65021-2 (Дубликат);водяная помпа;Tohatsu;;;;3C8-65021-2;дубликат;
6484;p;Сальник коленвала нижний Tohatsu M2,5-3.5B 3F0-00122-0 (Дубликат);поршневая;;;;;;дубликат;
6487;p;Сальник коленвала нижний Tohatsu M2,5-3.5B 3F0-00122-0 (Оригинал);поршневая;;;;;;оригинал;
6490;p;Пружина B ручного стартера Tohatsu 9,9-20 л.с 350-05124-0;стартер;Tohatsu;;;;350-05124-0;оригинал;
6508;p;Сальник гребного вала Tohatsu M/MFS9,9/15/18 помпы Tohatsu M/MFS25/30 346-65013-0 (Дубликат);редуктор;Tohatsu;;;;346-65013-0;дубликат;
6510;p;Сальник гребного вала Tohatsu M/MFS9,9/15/18 помпы Tohatsu M/MFS25/30 346-65013-0 (Оригинал);редуктор;Tohatsu;;;;346-65013-0;оригинал;
6519;p;"Подшипник коленвала Tohatsu M4,5,6,8,9.8  9603-3-6204; Mercury 6.8/8/9.8 (30-16049) (Дубликат)";поршневая;Tohatsu;;;;;дубликат;
6520;p;"Подшипник коленвала Tohatsu M4,5,6,8,9.8  9603-3-6204; Mercury 6.8/8/9.8 (30-16049) (Дубликат Mercury 6.8/8/9.8  (30-16049))";поршневая;Tohatsu;;;;9603-3-6204;дубликат;
6533;p;"Мембрана топливного насоса ""A"" Tohatsu 4/5/6/8/9,8  369-03303-0 (Оригинал)";топливная система;Tohatsu;;;;369-03303-0;оригинал;
6535;p;"Мембрана топливного насоса ""A"" Tohatsu 4/5/6/8/9,8  369-03303-0 (Дубликат)";топливная система;Tohatsu;;;;369-03303-0;дубликат;
6575;p;Катушка высоковольтная с блоком управления (CDI unit) Tohatsu M6-9.8 л.с. (Дубликат);электрика;Tohatsu, Hidea;;9.8F-01.03.01.00;;3B2-06170-0;дубликат;
6598;p;"Шестерня заднего хода Tohatsu M 9.9; 15; 18 л.с 362-64030-0 (Оригинал)";Редуктор;Tohatsu;;;;362-64030-0;оригинал;
6599;p;Торсионный вал (S) Tohatsu M9.9/15/18 л.с 350-64301-0 (Оригинал);Редуктор;Tohatsu;;;;350-64301-0;оригинал;
6600;p;"Шестерня заднего хода Tohatsu M 9.9; 15; 18 л.с 362-64030-0 (Дубликат)";Редуктор;Tohatsu;;;;362-64030-0;дубликат;
6601;p;Торсионный вал (S) Tohatsu M9.9/15/18 л.с 350-64301-0 (Дубликат);Редуктор;Tohatsu;;;;350-64301-0;дубликат;
6602;p;Уплотнительное кольцо нижей крышки блока Tohatsu M 25-30-40-50 л.с. 346-01216-0  (59*1,7) (Оригинал);механика (двигатель);Tohatsu;;;;346-01216-0;оригинал;
6603;p;Уплотнительное кольцо верхней крышки блока Tohatsu M 9,9-0-40 л.с. 338-01403-0 (Дубликат);механика (двигатель);Tohatsu;;;;338-01403-0;дубликат;
6604;p;Уплотнительное кольцо нижей крышки блока Tohatsu M 25-30-40-50 л.с. 346-01216-0  (59*1,7) (Дубликат);механика (двигатель);Tohatsu;;;;346-01216-0;дубликат;
6605;p;Уплотнительное кольцо верхней крышки блока Tohatsu M 9,9-0-40 л.с. 338-01403-0 (Оригинал);механика (двигатель);Tohatsu;;;;338-01403-0;оригинал;
6606;p;Кольцо поршневое стандарт  Tohatsu M5-15  351-00011-0 (Дубликат);поршневая;Tohatsu;;;;351-00011-0;дубликат;
6607;p;Кольцо поршневое верхнееTohatsu M40-50D стандарт  356-00011-0 (3C8-87123-0) (Дубликат);поршневая;Tohatsu;;;;3C8-87123-0;дубликат;
6608;p;Кольцо поршневое стандарт  Tohatsu M5-15  351-00011-0 (Оригинал);поршневая;Tohatsu;;;;351-00011-0;оригинал;
6609;p;Кольцо поршневое верхнееTohatsu M40-50D стандарт  356-00011-0 (3C8-87123-0) (Оригинал);поршневая;Tohatsu;;;;3C8-87123-0;оригинал;
6610;p;Поршень стандарт Tohatsu  M4-5  369-00001-1 (Дубликат);поршневая;Tohatsu;;;;369-00001-1;дубликат;
6611;p;Поршень стандарт Tohatsu  M4-5  369-00001-1 (Оригинал);поршневая;Tohatsu;;;;369-00001-1;оригинал;
6612;p;Поршень стандарт Tohatsu  M9,9-15  351-00001-2 (Дубликат);поршневая;Tohatsu;;;;351-00001-2;дубликат;
6613;p;Поршень стандарт Tohatsu  M9,9-15  351-00001-2 (Оригинал);поршневая;Tohatsu;;;;351-00001-2;оригинал;
6614;p;Поршень стандарт в сборе Tohatsu  M18 350-00001-1 (Дубликат);поршневая;Tohatsu;;;;350-00001-1;дубликат;
6615;p;Поршень стандарт в сборе Tohatsu  M18 350-00001-1 (Оригинал);поршневая;Tohatsu;;;;350-00001-1;оригинал;
6616;p;Поршень стандарт Tohatsu  M40-50D 3C8-00001-4 (3C8-00001-3) (Дубликат);поршневая;Tohatsu;;;;3C8-00001-4;дубликат;
6618;p;Поршень стандарт Tohatsu  M40-50D 3C8-00001-4 (3C8-00001-3) (Оригинал);поршневая;Tohatsu;;;;3C8-00001-4;оригинал;
6632;p;Вал гребной Tohatsu M/MFS 9,9-20   362-64211-3  (362-64211-1) (Оригинал);редуктор;Tohatsu;;;;362-64211-1;оригинал;
6633;p;Вал гребной Tohatsu M/MFS 9,9-20   362-64211-3  (362-64211-1) (Дубликат);редуктор;Tohatsu;;;;362-64211-1;дубликат;
6634;p;Муфта сцепления Tohatsu M/MFS 9.9-20  362-64215-0 (Дубликат);Редуктор;Tohatsu;;;;362-64215-0;дубликат;
6635;p;Катушка зажигания Tohatsu M4-5 369-06021-0 (Оригинал);электрика;Tohatsu;;;;369-06021-0;оригинал;
6636;p;Муфта сцепления Tohatsu M/MFS 9.9-20  362-64215-0 (Оригинал);Редуктор;Tohatsu;;;;362-64215-0;оригинал;
6637;p;Катушка зажигания Tohatsu M4-5 369-06021-0 (Дубликат);электрика;Tohatsu;;;;369-06021-0;дубликат;
6638;p;Катушка зажигания  Tohatsu 9.9-15-18 л.с. 3G3-06021-1 (Оригинал);электрика;Tohatsu;;;;3G3-06021-1;оригинал;
6639;p;Прокладка корпуса топливного насоса Tohatsu M4-9.8 369-03307-0 (Дубликат);топливная система;Tohatsu;;;;369-03307-0;дубликат;
6640;p;Катушка зажигания  Tohatsu 9.9-15-18 л.с. 3G3-06021-1 (Дубликат);электрика;Tohatsu;;;;3G3-06021-1;дубликат;
6641;p;Прокладка корпуса топливного насоса Tohatsu M4-9.8 369-03307-0 (Оригинал);топливная система;Tohatsu;;;;369-03307-0;оригинал;
6642;p;Прокладка крышки безонасоса Tohatsu M4-9.8   369-03302-0 (Оригинал);топливная система;Tohatsu;;;;369-03302-0;оригинал;
6643;p;Прокладка лепесткового клапана (A) Tohatsu M9,9,15 л.с. 350-02104-2 (Дубликат);топливная система;Tohatsu;;;;350-02104-2;дубликат;
6644;p;Прокладка крышки безонасоса Tohatsu M4-9.8   369-03302-0 (Дубликат);топливная система;Tohatsu;;;;369-03302-0;дубликат;
6645;p;Прокладка лепесткового клапана (A) Tohatsu M9,9,15 л.с. 350-02104-2 (Оригинал);топливная система;;;;;350-02104-2;оригинал;
6646;p;Прокладка головки блока Tohatsu 2,5-3,5 л.с.309-01005-2 (Дубликат);механика (двигатель);Tohatsu;;;;309-01005-2;дубликат;
6647;p;Прокладка пластины помпы Tohatsu 2,5-3,5 л.с. 3F0-65029-0 (Дубликат);водяная помпа;Tohatsu;;;;3F0-65029-0;дубликат;
6648;p;Прокладка головки блока Tohatsu 2,5-3,5 л.с.309-01005-2 (Оригинал);механика (двигатель);Tohatsu;;;;309-01005-2;оригинал;
6649;p;Прокладка пластины помпы Tohatsu 2,5-3,5 л.с. 3F0-65029-0 (Оригинал);водяная помпа;Tohatsu;;;;3F0-65029-0;оригинал;
6650;p;Сальник коленвала верхний Tohatsu M4-5 369-00122-0 (Дубликат);поршневая;Tohatsu;;;;369-00122-0;дубликат;
6651;p;Сальник коленвала нижний  большой Tohatsu M9,9-15-18  3M2-00122-0 (350-01215-5) (Дубликат);поршневая;Tohatsu;;;;350-01215-5;дубликат;
6652;p;Сальник коленвала нижний  большой Tohatsu M9,9-15-18  3M2-00122-0 (350-01215-5) (Оригинал);поршневая;Tohatsu;;;;350-01215-5;оригинал;
6653;p;Сальник корпуса торсионного вала Tohatsu M9,9-15-18л.с. 350-01215-1 (Дубликат);редуктор;Tohatsu;;;;350-01215-1;дубликат;
6654;p;Сальник коленвала верхний Tohatsu M4-5 369-00122-0 (Оригинал);поршневая;Tohatsu;;;;369-00122-0;оригинал;
6655;p;Сальник корпуса торсионного вала Tohatsu M9,9-15-18л.с. 350-01215-1 (Оригинал);редуктор;Tohatsu;;;;350-01215-1;оригинал;
6656;p;Сальник коленвала верхний Tohatsu M9,9-15-18 л.с. 350-00121-0 (Дубликат);поршневая;Tohatsu;;;;350-00121-0;дубликат;
6657;p;Прокладка головки блока Tohatsu 4,5 л.с.369-01005-2 (Оригинал);механика (двигатель);Tohatsu;;;;369-01005-2;оригинал;
6658;p;Прокладка головки блока Tohatsu 4,5 л.с.369-01005-2 (Дубликат);механика (двигатель);Tohatsu;;;;369-01005-2;дубликат;
6659;p;Сальник гребного вала Tohatsu M25-30  3AC-60111-0  (346-60111-0) (Оригинал);Редуктор;Tohatsu;;;;;оригинал;
6660;p;Сальник коленвала верхний Tohatsu M9,9-15-18 л.с. 350-00121-0 (Оригинал);поршневая;Tohatsu;;;;350-00121-0;оригинал;
6661;p;Сальник гребного вала Tohatsu M25-30  3AC-60111-0  (346-60111-0) (Дубликат);Редуктор;Tohatsu;;;;346-60111-0;дубликат;
6662;p;"Мембрана топливного насоса ""B"" Tohatsu 4/5/6/8/9,8  369-03306-0 (Дубликат)";топливная система;Tohatsu;;;;369-03306-0;дубликат;
6664;p;"Мембрана топливного насоса ""B"" Tohatsu 4/5/6/8/9,8  369-03306-0 (Оригинал)";топливная система;Tohatsu;;;;369-03306-0;оригинал;
6665;p;Подшипник коленвала нижний TohatsuM2.5-3.5A  9643-3-6202 (Дубликат);поршневая;;;;;9643-3-6202;дубликат;
6666;p;Мембрана топливного насоса Tohatsu M 9.9-50 350-04005-0 (Оригинал);топливная система;Tohatsu;;;;;оригинал;
6667;p;Мембрана топливного насоса Tohatsu M 9.9-50 350-04005-0 (Дубликат);топливная система;Tohatsu;;;;;дубликат;
6698;p;Клапан топливного насоса Tohatsu 9.9/15/18 350-04014-0 (Оригинал);топливная система;Tohatsu;;;;;оригинал;
6731;p;Муфта сцепления Tohatsu M6-9,8 3B2-64215-0 (Дубликат);редуктор;Tohatsu, Hidea;;9.8F-06.26.03;;3B2-64215-0;дубликат;
6732;p;"Шестерня заднего ходаTohatsu M/MF6, 8; 9.8 л.с 3B2-64030-0  (Оригинал)";редуктор;Tohatsu, Hidea;;"9.8F-06.25.03; 38";;3B2-64030-0 ;оригинал;
6733;p;"Шестерня заднего ходаTohatsu M/MF6, 8; 9.8 л.с 3B2-64030-0  (Дубликат)";редуктор;Tohatsu, Hidea;;"9.8F-06.25.03; 38";;3B2-64030-0;дубликат;
6745;p;Корпус импеллера Tohatsu M/Mfs 4-5  369-65011-0 (Дубликат);водяная помпа;Tohatsu;;;;369-65011-0;дубликат;
6765;p;Уплотнительное кольцо крышки редуктора Tohatsu M/MFS 9.9-18 3C7-01403-0;редуктор;Tohatsu;;;;3C7-01403-0;оригинал;
6790;p;Шплинт ABPIN 3/32 X 3/4;Гребной винт;;;;;;;
6798;p;Сальник коленвала нижний малый Tohatsu M6,8,9.8  3B2-01215-0 (Дубликат);механика (двигатель);Tohatsu, Hidea;;9.8F-01.06.04.03;;3B2-01215-0;дубликат;
6803;p;Сальник коленвала нижний малый Tohatsu M6,8,9.8  3B2-01215-0 (Оригинал);механика (двигатель);Tohatsu, Hidea;;9.8F-01.06.04.03;;3B2-01215-0;оригинал;
6832;p;Шайба упорная Tohatsu M/MFS 9,9-20л.с. 362-64231-0 (TATW);Гребной винт;Tohatsu;;;;362-64231-0;дубликат;
6833;p;Шайба упорная Tohatsu M/MFS 9,9-20л.с. 362-64231-0 (Оригинал);Гребной винт;Tohatsu;;;;362-64231-0;оригинал;
6835;p;Шайба упорная Tohatsu M/MFS 25-30л.с. 346-64231-5 (TBTW);Гребной винт;Tohatsu;;;;346-64231-5;дубликат;
6837;p;Шайба гребного винта Tohatsu M/MFS 9,9-30л.с. 346-64124-5 (TAWS);Гребной винт;Tohatsu;;;;346-64124-5;дубликат;
6875;p;Прокладка выхлопной трубы Tohatsu M9,9-18 л.с. 362-02312-2 (Дубликат);механика (двигатель);;;;;362-02312-2;дубликат;
6878;p;Прокладка выхлопной трубы Tohatsu M9,9-18 л.с. 362-02312-2 (Оригинал);механика (двигатель);;;;;362-02312-2;оригинал;
6879;p;Набор выпрямитель тока для Tohatsu M6-40 с крепежом 3BJ-76160-2;электрика;Tohatsu;;;;3BJ-76160-2;оригинал;
6880;p;Коммутатор Tohatsu 2.5-3.5 л.с. 3F0-06060-0;электрика;Tohatsu;;;;3F0-06060-0;оригинал;
6911;p;Шестерня переднего хода Tohsatsu M/MFS 2- 5л.с.  369-64010-2 (Оригинал);редуктор;Tohatsu;;;;369-64010-2;оригинал;
6912;p;Вал гребной TOHATSU M/MFS 6-9,8   3V1-64211-1 (Оригинал);редуктор;Tohatsu;;;;3V1-64211-1;оригинал;
6913;p;Вал гребной Tohatsu M/MF 4-5  369-64211-1 (Оригинал);редуктор;Tohatsu;;;;369-64211-1;оригинал;
6914;p;Шестерня переднего хода Tohsatsu M/MFS 2- 5л.с.  369-64010-2 (Дубликат);редуктор;Tohatsu;;;;369-64010-2;дубликат;
6915;p;Вал гребной Tohatsu M/MF 4-5  369-64211-1 (Дубликат);редуктор;Tohatsu;;;;369-64211-1;дубликат;
12685;p;Пластина импеллера Tohatsu M 2.5-3.5 л.с. 3F0-65025-0 (Оригинал);водяная помпа;Tohatsu;;;;3F0-65025-0;оригинал;
12505;p;Прокладка головки блока Tohatsu/HIDEA  M6,8,9.8 л.с 3B2-01005-1 (9.8F-01.06.10) (Дубликат Китай);механика (двигатель);Tohatsu, Hidea;;9.8F-01.06.10;;3B2-01005-1;дубликат;
11560;p;Шпонка вала Tohatsu 9.8 л.c. 2т.3B2-65022-0;Редуктор;Tohatsu;;;;3B2-65022-0;оригинал;
11670;p;Стартер в сборе Tohatsu\Hidea 2.5-3.5 л.с. 2.5F-01.02.00.00 (Дубликат);стартер;Tohatsu, Hidea;;2.5F-01.02.00.00;; 312-05000-0;дубликат;
11674;p;Втулка трубки водяного насоса 3B7-65014-0 (Оригинал);водяная помпа;Tohatsu;;;;3B7-65014-0;оригинал;
12540;p;Коммутатор (CD Unit) Hidea/Tiohatsu 5 л.с. 369-06060-1 (5F-01.03.07) (Оригинал 369-06060-1);электрика;Tohatsu, Hidea;;5F-01.03.07;;369-06060-1;оригинал;
12506;p;Сальник гребного вала Tohatsu/Hidea M/MF4,5,6,8,9.8 л.с  369-60111-0 (9.8F-06.25.06) 15*28*10 (Оригинал);Редуктор;Tohatsu, Hidea;;9.8F-06.25.06;;369-60111-0;оригинал;
12507;p;Сальник гребного вала Tohatsu/Hidea M/MF4,5,6,8,9.8 л.с  369-60111-0 (9.8F-06.25.06) 15*28*10 (Дубликат);Редуктор;Tohatsu, Hidea;;9.8F-06.25.06;;369-60111-0;дубликат;
12541;p;Коммутатор (CD Unit) Hidea/Tiohatsu 5 л.с. 369-06060-1 (5F-01.03.07) (Дубликат 5F-01.03.07);электрика;Tohatsu, Hidea;;5F-01.03.07;;369-06060-1;дубликат;
12682;p;Упорная шайба кронштейна подвески Tohatsu 4-5л.с. 2т  369-62422-0 (Оригинал);Дейдвуд (нога);Tohatsu;;;;369-62422-0;оригинал;
12191;p;Стартер в сборе HIDEA/Tohatsu 5л.с. 2т. 3AS-05090-1 (Дубликат);стартер;Tohatsu, Hidea;;5F-01.02.00.00;;3AS-05090-1;дубликат;
12422;p;Фильтр топливный M/Mfs 5-30  369-02230-0 (Оригинал);топливная система;Tohatsu, Hidea;;;;369-02230-0;оригинал;
12242;p;Сальник коленвала нижний Tohatsu 2.5-3.5л.с. 309-00122-0;поршневая;Tohatsu;;;;309-00122-0;оригинал;
12267;p;Пружинаторсионного вала Tohatsu M,MFS 25-30 346-64327-0;редуктор;Tohatsu;;;;346-64327-0;оригинал;
12269;p;Уплотнение трубки охлаждения Тohatsu 30-40  346-65204-0 (Оригинал);водяная помпа;;;;;346-65204-0;оригинал;
12270;p;Втулка трубки водяного насоса 346-65206-0 (Оригинал);водяная помпа;Tohatsu;;;;346-65206-0;оригинал;
12271;p;Корпус водяного насосса Tohatsu M25,30,40/MF25,30  348-65016-1 (Оригинал);водяная помпа;Tohatsu;;;;348-65016-1;оригинал;
12274;p;Тяга включения  передач и блокировки стартера Tohatsu M6-9.8  3B2-05211-1 (Оригинал);Управление;;;;;3B2-05211-1;оригинал;
12278;p;Уплотнительное кольцо ступицы 309-65015-0 (Оригинал);редуктор;Tohatsu;;;;309-65015-0;оригинал;
12279;p;Толкатель сцепления Tohatsu M5, 9.8 369-64223-0 (Оригинал);редуктор;Tohatsu;;;;369-64223-0;оригинал;
12287;p;Ручка фиксатора колпака Tohatsu/Hidea 9.8л.с. 9.8F-02.11.01 (Дубликат);колпак;;;9.8F-02.11.01;;369S67141-1(369Q67141-1);дубликат;
12295;p;Гайка гребного винта Tohatsu M/MF 4-9.8 л.с. 369-64121-0 (Оригинал);Гребной винт;Tohatsu;;;;369-64121-0;оригинал;
12314;p;Прокладка сливной пробки на редуктор 332-60006-0 (Оригинал);редуктор;Tohatsu;;;;332-60006-0;оригинал;
12315;p;Прокладка сливной пробки на редуктор 332-60006-0 (Дубликат);редуктор;Tohatsu;;;;332-60006-0;дубликат;
12318;p;Прокладка корпуса помпы M/Mfs 4-5 л.с.  369-65018-0 (Оригинал);водяная помпа;Tohatsu;;;;369-65018-0;оригинал;
12332;p;Втулка сцепления Tohatsu M/MFS 4,5,6л.с.  369-64222-0;редуктор;Tohatsu;;;;369-64222-0;оригинал;
87;c;HIDEA;;;;;;;;
189;p;Крышка топливного бака Yamaha F3.6/4/5  F4-01.07.02.01 (6A1-24610-01);топливная система;Yamaha, Hidea;6A1-24610-01;F4-01.07.02.01;;;дубликат;
249;p;Кнопка STOP в сборе 15F-04.07.03;электрика;Yamaha, Hidea, Sea-pro, Gladiator;65W-82575-01;15F-04.07.03;15FMH-11034;;дубликат;
567;p;Прокладка головки блока Yamaha/Hidea 9.9-15 л.с.15F-01.06.12 (63V-11181-A2) 63V-11181-A1;механика (двигатель);Yamaha, Hidea, Sea-pro, Gladiator;63V-11181-A1;15F-01.06.12;15FMH-02020;;дубликат;
568;p;Уплотнение трубки водяной помпы Hidea 9.9.-15 л.с. 15F-06.02.06;водяная помпа;Yamaha, Hidea, Sea-pro, Gladiator;647-44366-00;15F-06.02.06;15FMH-16012;;дубликат;
784;p;Диск (шкив) стартера Yamaha/Hidea 9.9-25л.с.   63V-15714-00;стартер;Yamaha, Hidea, Sea-pro, Gladiator;63V-15714-00;15F-01.01.05;15FMH-07005;;дубликат;
785;p;Прокладка головки блока HIDEA/Yamaha  40 л.с. 66T-11181-A3  (40F-01.06.00.16);механика (двигатель);Yamaha, Hidea;66T-11181-A3;40F-01.06.00.16;;;дубликат;
1599;p;Гребной вал Yamaha/Hidea 9.9-15л.с. 683-45611-00;редуктор;Yamaha, Hidea, Sea-pro, Gladiator;683-45611-00;15F-06.10.01;15FMH-16041;;дубликат;
1790;p;Ручка переключения передач Hidea (Yamaha) 9,9-15 л.с. 15F-04.08.01;Управление;Yamaha, Hidea, Sea-pro, Gladiator;63V-44111-02;15F-04.08.01;15FMH-11026;;дубликат;
1930;p;Коммутатор (CDI unit) HIDEA 9.9 -15л.с.  63V-85540-01;электрика;Yamaha, Hidea, Sea-pro, Gladiator;63V-85540-01;15F-01.03.1;15FMH-09001;;дубликат;
2064;p;Корпус водяного насоса Hidea 40  40F-06.08.01  (66T-44311-00);водяная помпа;Yamaha, Hidea;66T-44311-00;40F-06.08.01;;;дубликат;
2299;p;Шайба-прокладка (Масло-бензостойкая резина 1,5мм);редуктор;Yamaha, Hidea, Sea-pro, Gladiator;90430-08003-00;15F-06.01.04;15FMH-16009;;дубликат;
2300;p;Шайба-прокладка (Масло-бензостойкий паронит 0,8мм);редуктор;Yamaha, Hidea, Sea-pro, Gladiator;90430-08003-00;15F-06.01.04;15FMH-16009;;дубликат;
12411;p;Ручка топливного крана F4-01.07.05.01;топливная система;Yamaha, Hidea;6A1-24500-02;F4-01.07.05.01;;;дубликат;
3023;p;Уплотнение трубки водяной помпы Hidea 9.8 л.с. 9.8F-06.15;водяная помпа;Tohatsu, Hidea;;9.8F-06.15;;331-65014-0;дубликат;
3272;p;Крыльчатка Hidea  8-15л.с. Yamaha F6-F8  500368;водяная помпа;Yamaha, Hidea;68T-44352-00-00;;;;дубликат;
3387;p;Капот Hidea 9.8;капот;Hidea;;9.8F-07.00.00.00;;;дубликат;
3581;p;Уплотнительное кольцо крышки редуктора Hidea 9.9,15 15F-06.15.05                         ошибка, правильный - 15F-06.12.05;редуктор;Yamaha, Hidea, Sea-pro, Gladiator;93210-56M80;15F-06.12.05;15FMH-16052;;дубликат;
3736;p;Крыльчатка HIDEA 9.8  9.8F-0.6.10.00;водяная помпа;Tohatsu, Hidea;;9.8F-0.6.10.00;;3B2-65021-1;дубликат;
3742;p;Передняя ручка для F4-5 л.с. F4-02.09;Дейдвуд (нога);Hidea;;F4-02.09;;;дубликат;
3749;p;Блок лепестковых клапанов Hidea\Tohatsu 9.8л.с. 3B2-02100-0 (9.8F-01.02.03.00);механика (двигатель);Tohatsu, Hidea;;9.8F-01.02.03.00;;3B2-02100-0;дубликат;
3785;p;Коленвал Hidea\Yamaha F4-5   F4-01.06.18.00;поршневая;Yamaha, Hidea;67D-11400-00-00;F4-01.06.18.00;;;дубликат;
3894;p;Ручка переключения передач Hidea (Yamaha) 4-5 л.с. 5F-05.03.00;Управление;Tohatsu, Hidea;;5F-05.03.00;;369-66110-0;дубликат;
3932;p;Прокладка головки блока HIDEA/Yamaha 2-2,5  6F8-11181-A1;механика (двигатель);Yamaha, Hidea;6F8-11181-A1;2.5F-01.01.00.08;;;дубликат;
3933;p;Возвратная пружина                                              убрать;стартер;;;;;;;
3934;p;Кнопка STOP в сборе F4-02.17                                  убрать;;;;;;;;
3935;p;Кнопка воздушной заслонки (подсос)  F4-02.10.00;Управление;Hidea;;F4-02.10.00;;;дубликат;
3936;p;Пластина троса опережения зажигания 9.8-9.9 л.с.;механика (двигатель);Hidea;;9.8F-01.04.04;;;дубликат;
3937;p;Румпель Hidea 9.8;Управление;Yamaha, Hidea, Sea-pro, Gladiator;63V-42111-01-4D;15F-04.07.01;15FMH-11001;;дубликат;
3938;p;Рычаг привода опережения зажигания 9,8-9,9                                               убрать;;;;;;;;
3939;p;Рычаг пусковой пружины                                     убрать;;;;;;;;
4098;p;Приводной рычаг F4-01.01.11;стартер;Yamaha, Hidea;67D-15741-00-00;F4-01.01.11;;;дубликат;
4262;p;Кожух торсионного вала 5F-05.00.00                            исправить артикул на 5F-05.02.01;Дейдвуд (нога);Tohatsu, Hidea;;5F-05.02.01;;369-61020-0;дубликат;
4269;p;Коммутатор 3.5F-01.03.02;электрика;Yamaha, Hidea;6A1-85540-01;3.5F-01.03.02;;;дубликат;
4273;p;Запчасть стартера F15-01.07.00.02;стартер;Yamaha, Hidea;68T-15794-00-00;F15-01.07.00.02;;;дубликат;
4305;p;Переключатель скоростей (бабочка) Yamaha\Hidea 3.5-4 F2.5-06.03.00.03 (6L5-45631-00-00);стартер;Yamaha, Hidea;6L5-45631-00-00;F15-01.07.00.02;;;дубликат;
4475;p;Кожух торсионного вала 5F-05.02.01;Дейдвуд (нога);Tohatsu, Hidea;;5F-05.02.01;;369-61020-0;дубликат;
4490;p;Высоковольтная катушка зажигания Hidea 9.9-15л.с.  15F-01.03.15 (B);электрика;Yamaha, Hidea, Sea-pro, Gladiator;63V-85570-00;15F-01.03.15;15FMH-09005;;дубликат;
4577;p;Ручка переключения передач Tohatsu/Hidea 3.5л.с. 3F0-66110-0  (3.5F-III-05.05.01) (Дубликат (Китай));Управление;;;3.5F-III-05.05.01;;3F0-66110-0;дубликат;
4578;p;Датчик холостого хода 15F-01.03.08;электрика;Yamaha, Hidea, Sea-pro, Gladiator;63V-85580-01;15F-01.03.08;15FMH-08002;;дубликат;
4579;p;Ручка переключения передач Tohatsu/Hidea 3.5л.с. 3F0-66110-0  (3.5F-III-05.05.01) (Оригинал (Япония));;;;3.5F-III-05.05.01;;3F0-66110-0;оригинал;
4612;p;Прокладка основания помпы 9.8F-06.20;водяная помпа;Tohatsu, Hidea;;9.8F-06.20;;3B2-65020-0;дубликат;
4653;p;Опорный подшипник шестерни заднего хода Hidea\Yamaha 9.9-15 15F-06.12.03;редуктор;Yamaha, Hidea;93306-00501;15F-06.12.03;15FMH-16048;;дубликат;
4763;p;Заглушка корпуса торсионного вала;Дейдвуд (нога);Yamaha, Hidea;647-45151-01-00;F4-05.01.04;;;дубликат;
4795;p;Сальник торсионного вала HIDEA/Yamaha 4-5 л.с. 93101-10M14  10,8*21*7;редуктор;Yamaha, Hidea, Sea-pro, Gladiator;93101-10M14;;5MHS-11005;;дубликат;
4797;p;Большой нижний сальник коленвала HIDEA F4-5 FRF4-01.06.15.02;поршневая;Yamaha, Hidea;93102-20108-00;F4-01.06.15.02;;;дубликат;
4799;p;Верхний сальник коленвала HIDEA F4-5 FRF4-01.06.04;поршневая;Yamaha, Hidea;93102-25090-00;F4-01.06.04;;;дубликат;
4803;p;Топливный насос в сборе F4-01.07.13.00;топливная система;Yamaha, Hidea;6BX-24410-00-00;F4-01.07.13.00;;;дубликат;
4805;p;Приводной вал F4-06.11.01;редуктор;Yamaha, Hidea;68D-G5511-10-00;F4-06.11.01;;;дубликат;
4806;p;Шайба 9.8F-06.22-0.1;редуктор;Tohatsu, Hidea;;9.8F-06.22;;369-64014-0;дубликат;
4807;p;Шайба 9.8F-06.22-0.15;редуктор;Hidea;;9.8F-06.22-0.15;;;дубликат;
4808;p;Подшипник редуктора Hidea 9.8 л.с. F9.9-06.00.00.15 6004C2;редуктор;Yamaha, Hidea;93306-004YH-00;F9.9-06.00.00.15;;;дубликат;
4873;p;Шестерня переднего хода F2.5-06.00.00.06 (6L5-45560-00-00);редуктор;Yamaha, Hidea;6L5-45560-00-00;F2.5-06.00.00.06;;;дубликат;
4915;p;Сальник коленвала HIDEA\Yamaha 9.9-15    93101-25018 / 25*38*6;поршневая;Yamaha, Hidea, Sea-pro, Gladiator;93101-25018;15F-01.06.26;15FMH-03003;;дубликат;
4953;p;Карбюратор HIDEA HDF 2.5л.с. F2.5-01.04.02.00;топливная система;Yamaha, Hidea;69M-14301-10-00;F2.5-01.04.02.00;;;дубликат;
4972;p;Кольцо поршневое маслосъемное Yamaha F4-5  F4-01.06.21.06;поршневая;Yamaha, Hidea;68D-E1603-00-00;F4-01.06.21.06;;;дубликат;
5024;p;Катушка зажигания высоковольтная Hidea 3.5 л.с. 3.5F-01.03.03;электрика;Yamaha, Hidea;6A1-85570-00;3.5F-01.03.03;;;дубликат;
5102;p;Пружина муфты включения передач Yamaha/Hidea 9.9-15л.с. 648-45633-00;редуктор;Yamaha, Hidea, Sea-pro, Gladiator;648-45633-00;15F-06.10.04;15FMH-16045;;дубликат;
5104;p;Шестерня переднего хода Hidea/Yamaha 9.9-15л.с. 15F-06.09;редуктор;Yamaha, Hidea, Sea-pro, Gladiator;6E7-45560-01;15F-06.09;15FMH-16036;;дубликат;
5107;p;Шестерня заднего хода Hidea/Yamaha 9.9-15л.с. 15F-06.12.01 (6E7-45571-00);редуктор;Yamaha, Hidea, Sea-pro, Gladiator;6E7-45571-00;15F-06.12.01;15FMH-16038;;дубликат;
5141;p;Сальник гребного вала Yamaha/HIDEA 9.9-15л.с. 15F-06.12.08  (17*30*6)  93101-17054                                                    17*30*6;редуктор;Yamaha, Hidea, Sea-pro, Gladiator;93101-17054;15F-06.12.08;15FMH-16050;;дубликат;
5145;p;Кольцо поршневое компрессионное нижнее  Yamaha F4-5  F4-01.06.21.05;поршневая;Yamaha, Hidea;68D-E1603-00-00;F4-01.06.21.05;;;дубликат;
5160;p;Прокладка Hidea F2,5  FRF4-01.07.01.03                     исправить на F4-01.07.01.03;механика (двигатель);Hidea;;F4-01.07.01.03;;;дубликат;
5161;p;Внутренний бак Hidea F2.5 F2.5-01.04.01.02;топливная система;Yamaha, Hidea;69M-F4111-00-00;F2.5-01.04.01.02;;;дубликат;
5162;p;Прокладка головки блока HIDEA/Yamaha F4-5  67D-11181-A0 F4-01.06.32;механика (двигатель);Yamaha, Hidea;67D-11181-A0-00;F4-01.06.32;;;дубликат;
5163;p;Высоковольтная катушка зажигания Tohatsu/Hidea 5л.с  3F9-06050-0 (5F-01.03.05) (Оригинал);электрика;Tohatsu, Hidea;;5F-01.03.05;;3F9-06050-0;дубликат;
5206;p;Корпус водяного насоса Hidea 9.8  9.8F-06.09.01;водяная помпа;Tohatsu, Hidea;;9.8F-06.09.01;;3B2-65016-0;дубликат;
5212;p;Торсионный вал (S) Hidea/Yamaha M9.9-15 15F-06.01.08 (63V-45501-01);редуктор;Yamaha, Hidea, Sea-pro, Gladiator;63V-45501-01;15F-06.01.08;15FMH-16031S;;дубликат;
5286;p;Кольцо поршневое компрессионное Yamaha/Hidea 5F-01.01.02.07               исправить на Tohatsu;поршневая;Tohatsu, Hidea;;5F-01.01.02.07;;351-00011-0;дубликат;
5288;p;Тяга включения  передач и блокировки стартера Hidea/Tohatsu M9.8  9.8F-01.05.04 (3B2-05211-1);Управление;Tohatsu, Hidea;;9.8F-01.05.04;;3B2-05211-1;дубликат;
5329;p;Шайба 15F-06.08   там хар-ки от 01 до 05;редуктор;Yamaha, Hidea, Sea-pro, Gladiator;664-45567-01-(10-50));15F-06.08-(0.1-0.5);;;дубликат;
5349;p;Уплотнительное кольцо крышки редуктора Hidea 9.9,15 переднее15F-06.15.04     исправить на 15F-06.12.05;редуктор;Yamaha, Hidea, Sea-pro, Gladiator;93210-56M80-00;15F-06.12.05;15FMH-16052;;дубликат;
5383;p;Выпрямитель эл. Тока  дописать 40FE-01.03.10;электрика;Yamaha, Hidea, Sea-pro, Gladiator;6G1-81970-62(664-81970-62-00);40FE-01.03.10;372-09036W;;дубликат;
5384;p;Прокладка головки блока HIDEA 15лс. 4т  F15-01.03.02.00;механика (двигатель);Yamaha, Hidea;66M-11181-10-00;F15-01.03.02.00;;;дубликат;
5385;p;Шатун HIDEA\Yamaha  4-6л.с. 4т  67D-11650-00 (F4-01.06.20.00);поршневая;Yamaha, Hidea;67D-11650-00;F4-01.06.20.00;;;дубликат;
5386;p;Коромысло шатуна HIDEA 5л.с. 4.т  67D-12151-00;поршневая;Hidea;67D-12151-00;F4-01.06.33.14;;;дубликат;
5387;p;Поршень стандарт Yamaha\Hidea 5л.с. 5F-01.01.02.02             исправить Yamaha на Tohatsu;поршневая;Tohatsu, Hidea;;5F-01.01.02.02;;369-00004-0;дубликат;
5389;p;Коленвал в сборе с шатуном 5F-01.01.02.01             исправить на     5F-01.01.11.00;поршневая;Tohatsu, Hidea;;5F-01.01.11.00;;369-00069-0;дубликат;
5390;p;Кольцо поршневое компрессионное 5F-01.01.02.06;поршневая;Tohatsu, Hidea;;5F-01.01.02.06;;351-00014-0;дубликат;
5405;p;Ведущая шестерня Hidea/Yamaha 2.5-3 л.с. 4т F2.5-06.00.00.11 6L5-45551-00;редуктор;Yamaha, Hidea, Sea-pro, Gladiator;6L5-45551-00;F2.5-06.00.00.11;3MHS-16038;;дубликат;
5407;p;Сальник торсионного вала F2,5-06.00.00.23 12*24*8;редуктор;Yamaha, Hidea;93103-09M41-00;F2.5-06.00.00.23;;;дубликат;
5408;p;Коммутатор Hidea 2.5F-01.03.02.00;топливная система;Yamaha, Hidea;6A1-85540-01;2.5F-01.03.02.00;;;дубликат;
5409;p;Высоковольтная катушка зажигания + коммутатор Hidea 9.8 л.с. 9.8F-01.03.01.00;электрика;Tohatsu, Hidea;;9.8F-01.03.01.00;;3B2-06170-0;дубликат;
5413;p;Кольцо F9.9-06.02.00.05;редуктор;Yamaha, Hidea;93210-53M08-00;F9.9-06.02.00.05;;;дубликат;
5450;p;Низковольтная катушка зажигания Hidea 3.5 л.с. 3.5F-01.03.05;электрика;Yamaha, Hidea;6A1-85520-01;3.5F-01.03.05;;;дубликат;
5518;p;Вкладыш коленвала F9.9-F15   убрать;поршневая;Hidea;;;;;;
5523;p;Прокладка картера FRF4-01.06.16   исправить артикул на F4-01.06.16;механика (двигатель);Yamaha, Hidea;68D-11351-A0-00;F4-01.06.16;;;дубликат;
5545;p;Роликовый конический подшипник Hidea\Yamaha 9.9-15 15F-06.07;редуктор;Yamaha, Hidea, Sea-pro, Gladiator;93332-00005;15F-06.07;15FMH-16007;;дубликат;
5647;p;Сальник торсионного вала редуктора Hidea/Yamaha 9.9-15  (93101-20048) 20*30*6                                                             20*30*6;редуктор;Yamaha, Hidea, Sea-pro, Gladiator;93101-20048;15F-06.03.05;15FMH-16023;;дубликат;
5658;p;Фиксатор угла наклона HIDEA 3.5 л.с. 3.5F-03.06.00;струбцина;Yamaha, Hidea;6A1-43371-00;3.5F-03.06.00;;;дубликат;
5672;p;Фиксатор угла наклона Yamaha/Hidea F3.6/4/5л.с. F4-03.05.07.00;струбцина;Yamaha, Hidea;68D-G3160-00-00;F4-03.05.07.00;;;дубликат;
5673;p;Крыльчатка HIDEA\Yamaha F2-2.5HS 64600-00 (F2.5-06.04.00.00) 6l5-44352-00;водяная помпа;Yamaha, Hidea;6L5-44352-00;F2.5-06.04.00.00;;;дубликат;
5686;p;Ступица редуктора Yamaha/Hidea 4-5 л.с.6E0-45361-01-4D;редуктор;Yamaha, Hidea, Sea-pro, Gladiator;6E0-45361-01-4D;F4-06.07.01;5MHS-11018;;дубликат;
5704;p;Сальник гребного вала Yamaha/HIDEA 25-30 л.с.(20*34*6,5)  93101-20M07 (Дубликат);редуктор;Yamaha, Hidea;93101-20M07;30F-06.00.04.02;;;дубликат;
5711;p;Коммутатор Hidea 40F-01.03.20;электрика;Hidea;;40F-01.03.20;;;дубликат;
5712;p;Кожух торсионного вала HIDEA 9.8 л.с.   9.8F-05.12;Дейдвуд (нога);Hidea;;9.8F-05.12;;;дубликат;
5713;p;Крыльчатка HIDEA /Yamaha 4-5л.с.  6E0-44352-00;водяная помпа;Yamaha, Hidea;6E0-44352-00-00;F4-06.21.03.00;;;дубликат;
5739;p;Медная втулка F9.9-06.02.00.03;редуктор;Hidea;;F9.9-06.03.00.02;;;дубликат;
5740;p;Толкатель переключателя скоростей 9.8F-06.26.07;редуктор;Tohatsu, Hidea;;9.8F-06.26.07;;3B2-64222-0;дубликат;
5741;p;Сидение помпы HIDEA 9.9-15 л.с. 15F-06.03.02;водяная помпа;Yamaha, Hidea, Sea-pro, Gladiator;63V-45331-00-5B;15F-06.03.02;15FMH-16021;;дубликат;
5755;p;Поршень F4-01.06.21.01;редуктор;Yamaha, Hidea;68D-E1631-00-96;F4-01.06.21.01;;;дубликат;
5756;p;Игольчатый подшипник ступицы гребного вала Hidea\Yamaha 9.9-15    93315-317U2;редуктор;;93315-317U2-00;15F-06.12.07;15FMH-16049;;дубликат;
5762;p;Кольцо поршневое компрессионное верхнее  Yamaha F4-5  F4-01.06.21.04;редуктор;Yamaha, Hidea;68D-E1603-00-00;F4-01.06.21.04;;;дубликат;
5780;p;Анод 9.8F-06.08;редуктор;Tohatsu, Hidea;;9.8F-06.08;;3V9-60218-0;дубликат;
5781;p;Прокладка головки блока Hidea\Tohatsu 369-01005-1;механика (двигатель);Tohatsu, Hidea;;5F-01.01.06;;369-01005-1;дубликат;
5782;p;Прокладка двигателя 3.5F-05.04;Дейдвуд (нога);Tohatsu, Hidea;;3.5F-05.04;;309-61012-1;дубликат;
5783;p;Чаша помпы 9.8F-06.09.02;водяная помпа;Tohatsu, Hidea;;9.8F-06.09.02;;3B2-65011-0;дубликат;
5796;p;Корпус ступицы гребного вала Yamaha/Hidea 9.9-15л.с. 683-45361-01-4D;редуктор;Yamaha, Hidea, Sea-pro, Gladiator;683-45361-02-4D;15F-06.12.06;15FMH-16047;;дубликат;
5802;p;Сухарь, фиксатор клапана FRF4-01.06.33.10   поменять название  F4-01.06.33.10;механика (двигатель);Yamaha, Hidea;7NJ-12118-00-00;F4-01.06.33.10;;;дубликат;
5814;p;Капот в сборе Hidea 9.9-15л.с. 15F-07.00.00.00;капот;Hidea;;15F-07.00.00.00;;;дубликат;
5822;p;Низковольтная катушка зажигания HIDEA 40л.с.   40F-01.03.04;электрика;;66T-85520-00;40F-01.03.04;;;дубликат;
5965;p;Выпускной клапан Yamaha\Hidea  F4-01.06.33.06 (67D-12121-00-00)  в названии не тот артикул ямашный;механика (двигатель);Yamaha, Hidea;6AU-12121-00-00;F4-01.06.33.06;;;дубликат;
5999;p;Крыльчатка HIDEA, Yamaha  9.9-15  63V-44352-01;водяная помпа;Yamaha, Hidea, Sea-pro, Gladiator;63V-44352-01;15F-06.02.04;15FMH-16013;;дубликат;
6006;p;Шайба фиксации F4-06.11.02;редуктор;Yamaha, Hidea;99001-07600-00;F4-06.11.02;;;дубликат;
6007;p;Шестерня переднего хода Yamaha/Hidea 4-5л.с. 6E0-45560-00;редуктор;Yamaha, Hidea;6E0-45560-00 (67D-45570-00-00);F4-06.03;5MHS-11040;;дубликат;
6011;p;Корпус помпы Yamaha/Hidea 25-30 л.с. 69P-44311-00 (Дубликат);водяная помпа;Yamaha, Hidea, Sea-pro, Gladiator;69P-44311-00;30F-06.00.00.10;372-17010;;дубликат;
6034;p;Ведущая шестерня Hidea\Yamaha 4-5л.с. 6E0-45551-00;редуктор;Yamaha, Hidea, Sea-pro, Gladiator;6E0-45551-00;F4-06.08;5MHS-11037;;дубликат;
6036;p;Шайба F4-06.09;редуктор;Yamaha, Hidea;90201-11M49-00;F4-06.09;;;дубликат;
6037;p;Пин приводного вала F4-06.11.03;редуктор;Yamaha, Hidea;93604-09066-00;F4-06.11.03;;;дубликат;
6041;p;Чаша водяного насоса HIDEA/Yamaha 9.9-15  63V-44322-00;водяная помпа;Yamaha, Hidea, Sea-pro, Gladiator;63V-44322-00;15F-06.02.03;15FMH-16011;;дубликат;
6048;p;Уплотнительное кольцо корпуса сальников коленвала HIDEA F4-5 FRF4-01.06.15.04   убрать FR;механика (двигатель);Yamaha, Hidea;93210-35537-00;F4-01.06.15.04;;;дубликат;
6093;p;Резиновое кольцо уплотнитель ступицы (57.8*2）дальнее Hidea\Yamaha 9.9-15  93210-57M09;редуктор;Yamaha, Hidea, Sea-pro, Gladiator;93210-57M09;15F-06.12.04;15FMH-16051;;дубликат;
6112;p;Прокладка HIDEA 5F-01.01.01   тут ошибка;;;;;;;;
6113;p;Корпус водяного насоса HIDEA 9.9-15  63V-44301-00;водяная помпа;Yamaha, Hidea, Sea-pro, Gladiator;63V-44301-00;15F-06.02.01;15FMH-16010;;дубликат;
6126;p;Карбюратор HIDEA 2.5Fл.с. 2.5F-01.04.01.00;топливная система;Yamaha, Hidea;6F8-14301-03;2.5F-01.04.01.00;;;дубликат;
6134;p;Игольчатый подшипник торсионного вала Yamaha/Hidea 9.9-15л.с.  93315-314V8-00;редуктор;Yamaha, Hidea, Sea-pro, Gladiator;93315-314V8;15F-06.01.14;15FMH-16003;;дубликат;
6179;p;Коммутатор с катушкой зажигания Hidea\Yamaha  F4-5   67D-85640-00 F4-01.03.01.00;топливная система;Yamaha, Hidea;67D-85640-00;F4-01.03.01.00;;;дубликат;
6248;p;Плунжер переключателя передач Yamaha\Hidea 4-5 л.с. (654-45635-00)         ;редуктор;Yamaha, Hidea, Sea-pro, Gladiator;654-45635-00(67D-45635-00-00);F4-06.04.04;5MHS-11047;;дубликат;
6293;p;Электростартер HIDEA HD 40 FES 40FE-01.03.11;электрика;Hidea;;40FE-01.03.11;;;дубликат;
6297;p;Ведущая шестерня Hidea/Yamaha 9.9-15л.с. 15F-06.01.10 (63V-45551-00);редуктор;Yamaha, Hidea, Sea-pro, Gladiator;63V-45551-00;15F-06.01.10;15FMH-16034;;дубликат;
6332;p;GB896 M6;;;;;;;;
6354;p;Корпус румпеля HIDEA 9.9-15л.с. 15F-04.07.01;Управление;Yamaha, Hidea, Sea-pro, Gladiator;63V-42111-01-4D;15F-04.07.01;15FMH-11001;;дубликат;
6359;p;Прокладка помпы 9.8F-06.14;водяная помпа;Tohatsu, Hidea;;9.8F-06.14;;3B2-65029-0;дубликат;
6360;p;Прокладка корпуса помпы 9.8F-06.11;редуктор;Hidea;;9.8F-06.11;;;дубликат;
6362;p;Резиновое кольцо уплотнитель ступицы （56*3.1）ближнее Hidea\Yamaha 9.9-15  93210-56M80;редуктор;Yamaha, Hidea, Sea-pro, Gladiator;93210-56M80;15F-06.12.05;15FMH-16052;;дубликат;
6371;p;Подшипник скольжения F4-06.01.04;редуктор;Hidea;;F4-06.01.04;;;дубликат;
6374;p;Подшипник шариковый 9.8  9.8F-06.28   6204;редуктор;Tohatsu, Hidea;;9.8F-06.28;;9601-0-6204;дубликат;
6375;p;Сальник торсионного вала 9.8F-06.21  12*24*8;редуктор;Tohatsu, Hidea;;9.8F-06.21;;309-60111-0;дубликат;
6387;p;Гребной вал Yamaha/Hidea 4-5л.с.6E0-45611-01;редуктор;Yamaha, Hidea, Sea-pro, Gladiator;6E0-45611-01(68D-G5611-10-00);F4-06.04.01;5MHS-11048;;дубликат;
6388;p;Катушка зажигания 30F-01.02.04.00;электрика;Yamaha, Hidea, Sea-pro, Gladiator;69P-85541-09-00;30F-01.02.04.00;372-08003;;дубликат;
6399;p;Сальник гребного вала  Hidea/Yamaha 4-5  9301-13M12  (13*22*7)     в названии ошибка 93101-13M12-00;редуктор;Yamaha, Hidea;93101-13M12-00;F4-06.07.02;;;дубликат;
6415;p;Уплотнительное кольцо ступицы редуктора Yamaha/Hidea 4-5 л.с. 93210-48214;редуктор;Yamaha, Hidea;93210-48214-00;F4-06.07.03;;;дубликат;
6422;p;Уплотнительное кольцо корпуса помпы HIDEA 9.9 15F-06.02.02  (93210-44398);редуктор;Yamaha, Hidea, Sea-pro, Gladiator;93210-44398;15F-06.02.02;15FMH-16016;;дубликат;
6456;p;Сальник гребного вала Yamaha 2л.с. 2.5F-06.03.00.00  21*11*9 (93103-10052);редуктор;Yamaha, Hidea;93103-10052;2.5F-06.03.00.00;;;дубликат;
6458;p;Ведущая шестерня Yamaha (Hidea) 40л.с.  40F-06.01.12                  из названия нужно убрать Yamaha;редуктор;Hidea;;40F-06.01.12;;;дубликат;
6460;p;Прокладка крышки клапанного механизма Hidea/Yamaha F4-6л.с.  F4-01.06.34;механика (двигатель);Yamaha, Hidea;68D-E1193-A0-00;F4-01.06.34;;;дубликат;
6478;p;Уплотнительное кольцо Hidea 9.9-30 15F-06.03.03 (93210-06ME6);редуктор;Yamaha, Hidea, Sea-pro, Gladiator;93210-06ME6;15F-06.03.03;15FMH-16025;;дубликат;
6495;p;Фитинг топливного шланга-male  15F-01.07.01.00;топливная система;Yamaha, Hidea, Sea-pro, Gladiator;6G1-24304-02;15F-01.07.01.00;15FMH-06001;;дубликат;
6504;p;Низковольтная катушка зажигания Hidea\Yamaha 4-5 л.с. 369-06021-0   в названии Yamaha заменить на Tohatsu;электрика;Tohatsu, Hidea;;5F-01.03.03;;369-06021-0;дубликат;
6509;p;Шайба регулировочная Tohatsu/Hidea 9.8  F9.9-06.02.00.02 (369-64014-0)   ошибка в названии;редуктор;Tohatsu, Hidea;;9.8F-06.22;;369-64014-0;дубликат;
6517;p;Крыльчатка HIDEA\Yamaha M2- 2.5   646-44352-01              убрать HIDEA;водяная помпа;Yamaha;646-44352-01;;;;дубликат;
6529;p;Низковольтная катушка зажигания Yamaha\Hidea 9,9-15л.с.63V-85520-00 (Тайвань);электрика;Yamaha, Hidea, Sea-pro, Gladiator;63V-85520-01(0);15F-01.03.04;15FMH-08003;;дубликат;
6530;p;Низковольтная катушка зажигания Yamaha\Hidea 9,9-15л.с.63V-85520-00 (Китай);электрика;Yamaha, Hidea, Sea-pro, Gladiator;63V-85520-01(0);15F-01.03.04;15FMH-08003;;дубликат;
6702;p;Сальник коленвала HIDEA 4-5    5F-01.01.11;поршневая;Hidea;;5F-01.01.11;;;дубликат;
6703;p;Фиксатор угла наклона мотора Hidea/Tohatsu 6.8/8/9.8 л.с. 9.8F-03.05.11.00;струбцина;Tohatsu, Hidea;;9.8F-03.05.11.00;;350-62121-1;дубликат;
6729;p;Толкатель переключателя скоростей Yamaha\Hidea 9.9-15 15F-06.10.06  (650-45635-00);редуктор;Yamaha, Hidea, Sea-pro, Gladiator;650-45635-00;15F-06.10.06-43;15FMH-16042;;дубликат;
6749;p;Корпус редуктора HIDEA 9.9-15 15F-06.01.02  (63V-45311-01-4D);редуктор;Yamaha, Hidea, Sea-pro, Gladiator;63V-45311-01-4D;15F-06.01.02;15FMH-16002;;дубликат;
6785;p;Крыльчатка HIDEA, Yamaha  9.9-20 к 4 тактным 68T-44352-00-00;водяная помпа;Yamaha, Hidea;68T-44352-00-00;F9.9-06.05.00.00;;;дубликат;
6843;p;Шпонка Yamaha/Hidea 9.9 - 15л.с. 15F-06.01.09;редуктор;Yamaha, Hidea, Sea-pro, Gladiator;63V-44338-00;15F-06.01.09;15FMH-16015;;дубликат;
6847;p;Сальник Yamaha/HIDEA 25-30 (40-50-55) л.с.(22*36*6)  93101-22067;водяная помпа;Yamaha, Hidea, Sea-pro, Gladiator;61N-45315-00-00;30F-06.00.00.19;372-17027;;дубликат;
6903;p;Шестерня заднего хода Hidea/Yamaha 4-5 л.с. (6E0-45570-00);редуктор;Yamaha, Sea-pro;;;5MHS-11041;;дубликат;
6921;p;Корпус помпы Yamaha/Hidea F3.6/4/5 л.с. 6E0-44322-02 (Дубликат);водяная помпа;Yamaha, Hidea;6E0-44322-02-00;F4-06.21.02;;;дубликат;
6922;p;Корпус импеллера Yamaha/Hidea F3.6/4/5 л.с. 6E0-44322-00 (Дубликат);водяная помпа;Yamaha;6E0-44322-00;;;;дубликат;
12380;p;Катушка зажигания высоковольтная Hidea 2.5 л.с. 2.5F-01.03.01.00;электрика;Hidea;;2.5F-01.03.01.00;;;дубликат;
12384;p;Втулка ручки фиксатора колпака Tohatsu/Hidea 9.8  9.8F-02.11.03 (Дубликат);колпак;Tohatsu, Hidea;;9.8F-02.11.03;;369-67105-0;дубликат;
12353;p;Поршень стандарт Hidea 9.9-15л.с. 15F-01.06.33.11;поршневая;Yamaha, Hidea, Sea-pro, Gladiator;6E7-11631-00-97;15F-01.06.33.11;15FMH-03008;;дубликат;
12502;p;Низковольтная катушка зажигания HIDEA 2.5л.с. 2.5F-01.03.04.00 (Дубликат);электрика;Yamaha, Hidea;6A1-85520-00;2.5F-01.03.04.00;;;дубликат;
12385;p;Резиновое кольцо ручки фиксатора колпака Tohatsu/Hidea 9.8  9.8F-02.11.02 (Дубликат)    ;колпак;Tohatsu, Hidea;;9.8F-02.11.02;;369-67105-0;дубликат;
12503;p;Уплотнительная резинка 3.5F-05.02.02 (Дубликат);Дейдвуд (нога);Tohatsu, Hidea;;3.5F-05.02.02;;309-65031-1;дубликат;
12308;p;Возвратная пружина стартера HIDEA 15л.с. 15F-01.01.11  63V-15713-00;стартер;Yamaha, Hidea, Sea-pro, Gladiator;63V-15713-00;15F-01.01.11;15FMH-07007;;дубликат;
12309;p;Уплотнитель трубки водяного охлаждения F4-05.13;Дейдвуд (нога);Yamaha, Hidea;90119-05M04-00;F4-05.13;;;дубликат;
12326;p;Уплотнитель тяги переключения передач F4-06.15;редуктор;Yamaha, Hidea;6L2-44147-00-00;F4-06.15;;;дубликат;
12335;p;Трубка системы охлаждения Hidea 5л.с. 5F-05.01;Дейдвуд (нога);Yamaha, Hidea, Sea-pro, Gladiator;63V-44361-01;15F-05.05-S;15FMH-17003S;;дубликат;
89;c;YAMAHA;;;;;;;;
12711;p;Корпус топливного фильтра Yamaha 9.9-15 л.с. 61N-24560-00 (Дубликат)   тут не хорошо, артикул фильтра в сборе;топливная система;Yamaha, Hidea, Sea-pro, Gladiator;;;;;дубликат;
787;p;Шестерня переднего хода Hidea/Yamaha в сборе с гребным валом 2/2.5/3 л.с. 646-45560-00 (Дубликат);редуктор;Yamaha, Hidea;646-45560-00;2.5F-06.04.00.00;;;дубликат;
910;p;Крыльчатка Yamaha 6л.с. 500321                              ;водяная помпа;Yamaha;662-44352-01-00;;;;дубликат;
911;p;Крыльчатка Yamaha  85-90 л.с. 500323;водяная помпа;Yamaha;688-44352-03-00;;;;дубликат;
913;p;Крыльчатка Yamaha 9.9-15л.с.  500363;водяная помпа;Yamaha;63V-44352-01;;;;дубликат;
1075;p;Корпус импеллера Hidea/Yamaha 40л.с. 63D-44322-00  40F-06.08.02 (Тайвань);редуктор;Yamaha, Hidea;63D-44322-00;40F-06.08.02;;;дубликат;
1545;p;Комплект монт. крыльчатки помпы Yamaha 25 л.с., 25, 40 л.с. (4-такт);;;;;;;;
1946;p;Поршень в сборе (без колец), (STD), Yamaha/Hidea 25-30 л.с. (61N-11631-00-95) TW (Дубликат);поршневая;Yamaha, Hidea, Sea-pro, Gladiator;61N-11631-00-95;30F-01.04.00.24;372-03018;;дубликат;
1947;p;Пластина помпы Yamaha/Hidea 25-30 л.с. (61N-44323-00) TW (Дубликат);водяная помпа;Yamaha, Hidea, Sea-pro, Gladiator;61N-44323-00-00;30F-06.00.00.13;372-17015;;дубликат;
1948;p;Корпус импеллера Hidea/Yamaha 25-30л.с. 69P-44322-00  30F-06.00.00.11 (Дубликат);водяная помпа;Yamaha, Hidea, Sea-pro, Gladiator;69P-44322-00-00;30F-06.00.00.11;372-17012;;дубликат;
3273;p;Крыльчатка Yamaha 9.9-15л.с.  500320;водяная помпа;Yamaha, Hidea;682-44352-01-00;;;;дубликат;
3730;p;Крыльчатка Yamaha   20/25N л.с.  500384;водяная помпа;Yamaha, Hidea, Sea-pro, Gladiator;689-43160-00;15F-03.10;15FMH-13025;;дубликат;
3888;p;Фиксатор угла наклона Yamaha/Hidea 9.9/15л.с. 15F-03.10;струбцина;Yamaha, Hidea, Sea-pro, Gladiator;689-43160-00;15F-03.10;15FMH-13025;;дубликат;
4015;p;Блок лепестковых клапанов Yamaha\Hidea 4-5л.с.;механика (двигатель);Tohatsu, Hidea;;5F-01.01.04.03;;369-02111-0;дубликат;
4020;p;Пробка топливного бака Yamaha;топливная система;Yamaha, Hidea;6A1-24610-01;;;;дубликат;
4448;p;Шайба пружины клапана F4-01.06.33.08;механика (двигатель);Yamaha, Hidea;68T-12116-00-00;F4-01.06.33.08;;;дубликат;
4449;p;Фиксатор пружины клапана Yamaha/Hidea F4-01.06.33.11;механика (двигатель);Yamaha, Hidea;7NJ-12117-00-00;F4-01.06.33.11;;;дубликат;
4491;p;Гребной вал Yamaha/Hidea 40 л.с.66T-45611-00 (40F-06.05.01) (Дубликат);редуктор;Yamaha, Hidea;66T-45611-00;40F-06.05.01;;;дубликат;
4509;p;Крыльчатка Yamaha 40-50-55-70 л.с. 500316 6H3-44352-00;водяная помпа;Yamaha;6H3-44352-00;;;;дубликат;
4642;p;Крыльчатка Yamaha 25-30 л.с.  6H4-44352-02;водяная помпа;Yamaha, Hidea, Sea-pro, Gladiator;6H4-44352-02;40F-06.09.00;PNFM40E-17018;;дубликат;
12710;p;Болт крышки редуктора Yamaha 9.9л.с. M 6 X 20 нерж. (Дубликат);редуктор;Yamaha;;;;;;
4950;p;Карбюратор в сборе Yamaha 9.9-15 63V-14301-00;топливная система;Yamaha, Hidea, Sea-pro, Gladiator;63V-14301-00;15F-01.02.08.00;15FMH-05001;;дубликат;
5244;p;Торсионный вал Yamaha 4-6л.с. 6E0-45511-00 (Дубликат);редуктор;Yamaha;6E0-45511-00;;;;дубликат;
5253;p;Торсионный вал Yamaha 4-6л.с. 6E0-45511-00 (Оригинал);редуктор;Yamaha;6E0-45511-00;;;;оригинал;
5608;p;Карбюратор в сборе Yamaha F4-6  67D-14301-13 (03);топливная система;Yamaha, Hidea;67D-14301-13-00;F4-01.02.05.00;;;дубликат;
5669;p;Термостат Yamaha 3-250 л.с. 6E5-12411-01 (15F-01.06.14);топливная система;Yamaha, Hidea, Sea-pro, Gladiator;6E5-12411-30;15F-01.06.14;15FMH-02023;;дубликат;
5675;p;Крыльчатка Yamaha 6-8л.с. 6G1-44352-00;водяная помпа;Yamaha;6G1-44352-00;;;;дубликат;
5688;p;Карбюратор в сборе Yamaha F9.9-15  6AG-14301-10;топливная система;Yamaha;6AG-14301-10;;;;дубликат;
5690;p;Карбюратор в сборе Yamaha T4-6  6E3-14301-05;топливная система;Yamaha, Sea-pro;6E3-14301-05;;5MHS-03005;;дубликат;
5798;p;Крышка редуктора Tohatsu/Hidea 9.8F-06.25.01;редуктор;Tohatsu, Hidea;;9.8F-06.25.01;;3B2S60101-0;дубликат;
5804;p;Маслосъемный колпачок Yamaha F4-5 л.с. F4-01.06.33.09;механика (двигатель);Yamaha, Hidea;51Y-12119-00-00;F4-01.06.33.09;;;дубликат;
5932;p;Кольцо поршневое (STD), Yamaha/Hidea 25-30 л.с. 61N-11603-00 (Дубликат);поршневая;Yamaha, Hidea, Sea-pro, Gladiator;61N-11603-00-00;30F-01.04.00.27;372-03019-1;;дубликат;
5935;p;Коленвал в сборе с шатунами  Hidea\Yamaha 9.9-15  15F-01.06.33.00;поршневая;Yamaha, Hidea, Sea-pro, Gladiator;63V-11400-01;15F-01.06.33.00;15FMH-03007;;дубликат;
5983;p;Кольцо поршневое комплект (STD), Yamaha T4-T5  6J1-11610-00;поршневая;Yamaha, Sea-pro;6J1-11610-00;;5MHS-02042;;дубликат;
6234;p;Гайка гребного винта Yamaha 3-5 л.с.  6L5-45616-00 (Бронза);Гребной винт;Yamaha, Sea-pro;;;5MHS-11050;;дубликат;
6235;p;Гайка гребного винта Yamaha 3-5 л.с.  6L5-45616-00 (Пластиковая под шплинт);Гребной винт;Yamaha, Sea-pro;;;5MHS-11050;;дубликат;
6242;p;Прокладка корпуса помпы Yamaha M4-5 6EO-44315-A0 (F4-06.18) (Дубликат);водяная помпа;yamaha, Hidea;6EO-44315-A0;F4-06.18;;;дубликат;
6256;p;Храповик редуктора Yamaha 25/30 л.с. 664-45631-02 (Дубликат Тайвань);редуктор;yamaha, Hidea;664-45631-02;30F-06.00.05.02;;;дубликат;
6257;p;Храповик редуктора Yamaha 9.9/15 л.с. 682-45631-00 (Дубликат Тайвань);редуктор;Yamaha, Hidea, Sea-pro, Gladiator;682-45631-00;15F-06.10.02;15FMH-16043;;дубликат;
6274;p;Поршень, (STD), Yamaha 3 л.с. 6F8-11631-00-98 (Дублитат 3.5F-01.01.11.01)   тут ошибка для этого артикула Hidea - 2.5F-01.01.00.14;поршневая;yamaha, Hidea;6F8-11631-00-98;2.5F-01.01.00.14;;;дубликат;
6278;p;Кольцо поршневое (верхнее) Yamaha 3л.с.30200-0110 (Дубликат 3.5F-01.01.11.05);поршневая;yamaha, Hidea;30200-0110;3.5F-01.01.11.05;;;дубликат;
6280;p;Кольцо поршневое (нижнее) Yamaha 3л.с.9810-5-0250 (Дубликат 3.5F-01.01.11.06);поршневая;yamaha, Hidea;9810-5-0250;3.5F-01.01.11.06;;;дубликат;
6372;p;Впускной клапан F4-01.06.33.05;топливная система;Yamaha, Hidea;6AU-12111-00-00;F4-01.06.33.05;;;дубликат;
6420;p;Блок лепестковых клапанов дляYamaha\Hidea 9.9-15 л.с. 15F-01.06.24.00;топливная система;Yamaha, Hidea, Sea-pro, Gladiator;63W-13610-00;15F-01.06.24.00;15FMH-04000;;дубликат;
6441;p;Головка блока Yamaha/Hidea F4-01.06.33.01;механика (двигатель);Yamaha, Hidea;68D-E1111-10-1S;F4-01.06.33.01;;;дубликат;
6485;p;Прокладка дейдвуда Yamaha/Hidea 9.9-15л.с. 63V-45113-A1 (15F-01.06.29) (Дубликат);Дейдвуд (нога);Yamaha, Hidea, Sea-pro, Gladiator;63V-45113-A1;15F-01.06.29;15FMH-15005;;дубликат;
6494;p;Подшипник упорный вертикального вала редуктора Yamaha 9.9/15 л.с.93341-41414-00;редуктор;Yamaha, Hidea, Sea-pro, Gladiator;93341-41414-00;15F-06.01.13;15FMH-16005;;дубликат;
6503;p;Поршень стандарт Yamaha 5л.с. 6E3-11631-00-98;поршневая;Yamaha, Sea-pro;6E3-11631-00-98;;5MHS-02041;;дубликат;
6515;p;Поршень в сборе (без колец), (STD), Yamaha 9.9/15 л.с. (6E7-11631-00-97) TW (Дубликат);поршневая;Yamaha, Hidea, Sea-pro, Gladiator;6E7-11631-00-97;15F-01.06.33.11;15FMH-03008;;дубликат;
6588;p;Катушка высоковольтная Yamaha 9.9-15 63V-85570-00 (Тайвань);электрика;Yamaha, Hidea, Sea-pro, Gladiator;63V-85570-00;15F-01.03.14;15FMH-09005;;дубликат;
6625;p;Кольцо поршневое нижнее (STD), Yamaha 9.9/15 л.с. (682-11610-01) 15F-01.06.33.13 (Дубликат);поршневая;Yamaha, Hidea;682-11610-01;15F-01.06.33.13;;;дубликат;
6626;p;Пластина помпы Yamaha 9.9/15 л.с. (63V-44323-00) TW (Дубликат);водяная помпа;Yamaha, Hidea, Sea-pro, Gladiator;63V-44323-00;15F-06.03.01;15FMH-16017;;дубликат;
6627;p;Сальник коленвала верхний 23х36х13  Yamaha 9.9/15 л.с. (93110-23M00) 15F-01.06.30 (Дубликат);поршневая;Yamaha, Hidea, Sea-pro, Gladiator;93110-23M00;15F-01.06.30;15FMH-03014;;дубликат;
6629;p;Катушка высоковольтная для 4-х тактных Yamaha 9.9-15  680-85570-01-00 (6B4-85570-00) (Дубликат)   надо 01 на 02 поправить;электрика;yamaha, Hidea;680-85570-02-00;F9.9-01.06.00.06;;;дубликат;
6630;p;Мембрана топливного насоса верхняя Yamaha/Hidea 9.9-15  63V-24411-00 (677-24471-01) (Дубликат);топливная система;Yamaha, Hidea;63V-24411-00;;;;дубликат;
6631;p;Прокладка основания помпы Yamaha M4-5 6EO-45315-A0 (F4-06.13) (Дубликат);водяная помпа;Yamaha, Hidea;68D-G5315-A0-00;F4-06.13;;;дубликат;
6663;p;Игла карбюратора (ремкомплект) Yamaha 25-30   6J0-14390-14 (Дубликат);топливная система;Yamaha;6J0-14390-14;;;;дубликат;
6709;p;Гайка гребного винта Yamaha 9.9- 20  90171-10M01 (Нержавейка);Гребной винт;Yamaha, Hidea, Sea-pro, Gladiator;90171-10M01-00;15F-06.14.06;15FMH-17016;;дубликат;
6711;p;Гайка гребного винта Yamaha 9.9- 20  90171-10M01 (Бронза YANT);Гребной винт;Yamaha, Hidea, Sea-pro, Gladiator;90171-10M01-00;15F-06.14.06;15FMH-17016;;дубликат;
6742;p;Уплотнение корпуса сальника коленвала Yamaha  9.9/15 л.с. 93210-46M16 (Дубликат);поршневая;Yamaha, Hidea, Sea-pro, Gladiator;93210-46M16;15F-01.06.28;15FMH-03002;;дубликат;
6743;p;Подшипник коленвала  Yamaha M9.9-15л.с. 93306-205U7  (93306-20514) (Дубликат);поршневая;Yamaha;93306-205U7;;;;дубликат;
6744;p;Сальник коленвала нижний 20х49х7  Yamaha 9.9/15 л.с. (93101-20M10) 93101-25018 (Дубликат);поршневая;Yamaha, Hidea, Sea-pro, Gladiator;93101-25018;15F-01.06.26;15FMH-03003;;дубликат;
6758;p;Прокладка сидения помпы  Yamaha 9,9-15   63V-45315-A0 (Дубликат);водяная помпа;Yamaha, Hidea, Sea-pro, Gladiator;63V-45315-A0;15F-06.03.07;15FMH-16024;;дубликат;
6759;p;Коммутатор (CDI unit) Yamaha 25/30 л.с. 695-85540-11 (61N-85540-13) (Дубликат);электрика;Yamaha, Hidea, Sea-pro, Gladiator;61N-85540-13-00;30F-01.02.09.00;372-09013;;дубликат;
6760;p;Мембрана топливного насоса нижняя Yamaha/Hidea 9.9-15  6G1-24411-00 (Дубликат);топливная система;Yamaha, Hidea;6G1-24411-00;;;;дубликат;
6781;p;Пружина храповика стартера  Yamaha 4-5 л.с. 6E0-15705-00 (Дубликат);стартер;Yamaha, Sea-pro;6E0-15705-00;;5MHS-04011;;дубликат;
6783;p;Пружина храповика стартера  Yamaha 4-5 л.с. 6E0-15705-00 (Оригинал);стартер;Yamaha, Sea-pro;6E0-15705-00;;5MHS-04011;;оригинал;
6834;p;Пружина толкателя переключения передач Yamaha/Hidea 9.9/15л.с. 90501-14M06 (15F-06.10.05);редуктор;Yamaha, Hidea, Sea-pro, Gladiator;90501-14M06;15F-06.10.05;15FMH-16046;;дубликат;
6838;p;Шайба гребного винта Yamaha 9,9-20л.с. 90201-10M01 (YAWS);Гребной винт;Yamaha, Hidea;90201-10M01;GB/T96;;;дубликат;
6839;p;Втулка шлицевая крепления гребного винта Yamaha 20-30л.с. 689-45997-00 (YBSP);Гребной винт;Yamaha, Sea-pro;689-45997-00;;372-17075;;дубликат;
6840;p;Гайка гребного винта Yamaha 20-30  90171-14013 (Бронза YBNT);Гребной винт;Yamaha, Hidea, Sea-pro, Gladiator;90171-14013;30F-06.00.00.01;372-17077;;дубликат;
6841;p;Шайба упорная Yamaha  20-30л.с. 6L2-45987-01 (YBTW);Гребной винт;Yamaha, Hidea, Sea-pro, Gladiator;6L2-45987-01-00;30F-06.00.00.03;372-17074;;дубликат;
6842;p;Шайба упорная Yamaha  9,9-15л.с. 6E7-45987-01 (YATW);Гребной винт;Yamaha, Hidea, Sea-pro, Gladiator;6E7-45987-01;15F-06.13;15FMH-17014;;дубликат;
6848;p;Прокладка дейдвуда Yamaha/Hidea 2-2,5 л..с. 6A1-14613-A0 (Дубликат);Дейдвуд (нога);Yamaha, Hidea;6A1-14613-A0;2.5F-02.00.00.04;;;дубликат;
6894;p;Втулка храповика стартера  Yamaha 4-5 л.с. 6E0-15717-00 (Дубликат);стартер;Yamaha;6E0-15717-00;;;;дубликат;
6898;p;Втулка храповика стартера  Yamaha 4-5 л.с. 6E0-15717-00 (Оригинал);стартер;Yamaha;6E0-15717-00;;;;оригинал;
6927;p;Гребной вал Yamaha/Hidea 25-30л.с.6L2-45611-00 (Дубликат)          ;редуктор;Yamaha, Hidea;65W-45611-00-00(6L2-45611-00);30F-06.00.05.01;372-17043;;дубликат;
6928;p;Шестерня переднего хода Hidea/Yamaha 25/30л.с. 61N-45560-00 (Дубликат);редуктор;Yamaha, Hidea, Sea-pro, Gladiator;61N-45560-00(10);30F-06.00.00.22;372-17042;;дубликат;
6931;p;Ведущая шестерня Hidea/Yamaha 25/30л.с. 61N-45551-00 (Дубликат);редуктор;Yamaha, Hidea, Sea-pro, Gladiator;61N-45551-00-00;30F-06.00.00.21;372-17038;;дубликат;
6934;p;Шестерня заднего хода Hidea/Yamaha 25/30л.с. 61N-45571-00 (Дубликат);редуктор;Yamaha, Hidea;61N-45571-00;30F-06.00.04.06;372-17050;;дубликат;
12389;p;Дефлектор клапанного механизма Hidea/Yamaha 4-5 л.с.  F4-01.06.33.12;Дейдвуд (нога);Yamaha, Hidea;67D-12154-00-00;F4-01.06.33.12;;;дубликат;
12379;p;Уплотнитель трубки водяного охлаждения Hidea\Yamaha  6E0-44366-00-00;редуктор;Yamaha, Hidea;6E0-44366-00-00;F4-06.21.04;;;дубликат;
12371;p;Прокладка выхлопного коллектора Yamaha/Hidea 9.9-15 63V-41133-A1 (Дубликат);механика (двигатель);Yamaha, Hidea, Sea-pro, Gladiator;63V-41133-A1;15F-05.10;15FMH-15009;;дубликат;
12366;p;Комплект прокладок для Yamaha/Hidea 9.9-15л.с. 2т  63V-W0001-00 (Дубликат);механика (двигатель);Yamaha, Hidea;63V-W0001-00;;;;дубликат;
12365;p;Палец поршневой Hidea 9.9-15  F15-01.02.02.06 (634-11633-00-00);редуктор;Yamaha, Hidea, Sea-pro, Gladiator;634-11633-00;F15-01.02.02.06;15FMH-03010;;дубликат;
12370;p;Прокладка под выхлоп, лодочный мотор Hidea/Yamaha 9.9/15 л.с. (63V-41112-00) (Дубликат);механика (двигатель);Yamaha, Hidea;63V-41112-00;15F-01.06.09;;;дубликат;
11570;p;Прокладка помпы Yamaha/Hidea 40л.с. 40F-06.08.08;водяная помпа;Yamaha, Hidea;63D-44316-00;40F-06.08.08;;;дубликат;
12457;p;Кольцо поршневое (ремонтное 0,5), Yamaha 9.9/15 л.с. 682-11610-21 (Оригинал);поршневая;Yamaha;;;;;оригинал;
11654;p;Стартер в сборе Yamaha\Hidea 4-5 л.с. 4 Тактный 67D-15710-00 (Дубликат);стартер;Yamaha, Hidea;67D-15710-00;F4-01.01.00.00;;;дубликат;
12428;p;Топливный фильтр Yamaha/Hidea 646-24251-02 (Дубликат);топливная система;Yamaha, Hidea;;;;;дубликат;
12489;p;Прокладка головки блока Yamaha/Hidea 9.9-15 л.с.15F-01.06.12 (63V-11181-A2) 63V-11181-A1 (Оригинал);механика (двигатель);Yamaha, Hidea, Sea-pro, Gladiator;63V-11181-A1;15F-01.06.12;15FMH-02020;;оригинал;
12427;p;Заглушка выхлопной трубы Yamaha/Hidea 9.9-15 л.с. 15F-05.11 (63V-41135-00);Дейдвуд (нога);Yamaha, Hidea, Sea-pro, Gladiator;63V-41135-00;15F-05.11;15FMH-15008;;дубликат;
12420;p;Стартер в сборе Yamaha\Hidea F2.5 л.с. 4-х тактный 69M-15710-00 (Дубликат)   Ошибка 69M-F6330-02-00;стартер;Yamaha, Hidea;69M-F6330-02-00;F2.5-01.06.00.00;;;дубликат;
12259;p;Стартер в сборе Yamaha\Hidea 9.9-15 л.с. 2 Тактный 15F-01.01.00.00;стартер;Yamaha, Hidea;63V-15710-13;15F-01.01.00.00;;;дубликат;
12262;p;Стартер в сборе Yamaha\Hidea 15 л.с. 4 Тактный 6AH-15710-01;стартер;Yamaha, Hidea;6AH-15710-01;F15-01.07.00.00;;;дубликат;
12327;p;Шпонка винта Yamaha/Hidea 2-3 л.с. 90250-03M10 (Оригинал);Гребной винт;Yamaha, Hidea;90250-03M10;2.5F-06.00.00.26;;;оригинал;
12337;p;Зажимная пластина Yamaha/Hidea 40 л.с. 6E0-43118-01-00 (40F-03.05.03.02) (Дубликат);струбцина;Yamaha, Hidea, Sea-pro, Gladiator;6E0-43118-01-00;40F-03.05.03.02;15FMH-13009;;дубликат;
12407;p;Стартер в сборе Yamaha 4-5л.с. 2т. 6E4-15710-73-94 (Дубликат);стартер;Yamaha;6E4-15710-73-94;5F-01.02.00.00;;;дубликат;
90;c;SUZUKI;;;;;;;;
912;p;Крыльчатка Suzuki  DT 6л.с.  500336;водяная помпа;;;;;;дубликат;
3198;p;Шестерня заднего хода Suzuki 9.9/15 (57521-93902) TW (Дубликат);редуктор;Suzuki;;;;;дубликат;
5438;p;Опорный подшипник ведущей шестерни редуктора Suzuki 9.9-15  09263-20024;редуктор;Suzuki;;;;;дубликат;
6617;p;Подшипник коленвала 20X27X16 Suzuki 9.9/15 (09263-20051) TW (Дубликат);поршневая;Suzuki;;;;;дубликат;
6619;p;Подшипник колен. вала 25x52x15   Suzuki 9.9/15 (09262-25078) TW (Дубликат);поршневая;Suzuki;;;;;дубликат;
6620;p;Коммутатор (CDI unit) Suzuki 9.9/15 л.с. 32900-93911 (Дубликат);электрика;Suzuki;;;;;дубликат;
6621;p;Катушка зажигания низковольтная Suzuki 9.9/15 (32140-93900) TW (Дубликат);электрика;Suzuki;;;;;дубликат;
6622;p;Прокладка пластины помпы  Suzuki 9.9/15 (17472-93910) TW (Дубликат);водяная помпа;Suzuki;;;;;дубликат;
6623;p;Прокладка нижней крышки помпы (впуска)  Suzuki 9.9/15 (17452-93910) TW (Дубликат);водяная помпа;Suzuki;;;;;дубликат;
6624;p;Пластина помпы Suzuki 9.9/15 (17471-93902) TW (Дубликат);водяная помпа;Suzuki;;;;;дубликат;
6680;p;Шестерня переднего хода Suzuki 9.9/15 (57510-93901) TW (Дубликат);редуктор;Suzuki;;;;;дубликат;
6681;p;Ведущая шестерня Suzuki  9.9/15 (57311-93901) TW (Дубликат);редуктор;Suzuki;;;;;дубликат;
6684;p;Торсионный вал  (S), Suzuki 9.9/15 л.с. (57100-93912) TW (Дубликат);редуктор;Suzuki;;;;;дубликат;
6691;p;Шестерня заднего хода Suzuki 4-6 (57521-98601) TW (Дубликат);редуктор;Suzuki;;;;;дубликат;
6694;p;Шестерня переднего хода Suzuki 4-6 (57510-98611) TW (Дубликат);редуктор;Suzuki;;;;;дубликат;
6697;p;Ведущая шестерня Suzuki 4-6 (57311-98990) TW (Дубликат);редуктор;Suzuki;;;;;дубликат;
6740;p;Коммутатор (CDI unit) Suzuki 40 л.с. (32900-94470) (Дубликат);электрика;Suzuki;;;;;дубликат;
12292;p;Фильтрующий элемент масляного фильтра Suzuki 8/9,9/15 (16510-05240) (Дубликат);топливная система;Suzuki;;;;;дубликат;
12294;p;Фильтр маслянный Suzuki 25-70 (16510-87J00) (Дубликат);топливная система;Suzuki;;;;;дубликат;
12297;p;Фильтрующий элемент масляного фильтра Suzuki 8/9,9/15/20 (16510-45H10) (Дубликат);топливная система;Suzuki;;;;;дубликат;
88;c;MERCURY;;;;;;;дубликат;
1603;p;Крыльчатка Mercury 4.5-5-6-7.5-9.8л.с.  500310;водяная помпа;;;;;;дубликат;
2343;p;Поршень стандарт  Mercury 4/5HP   779-9615 (Дубликат);поршневая;;;;;;дубликат;
4504;p;Крыльчатка Mercury 18-20-25-30-35-40л.с. Suzuki 55-65л.с.  500312;водяная помпа;;;;;;дубликат;
6628;p;Коммутатор (CDI unit) Mercury 6.8/8/9.8 л.с. (803704 1) (Дубликат);электрика;;;;;;дубликат;
6724;p;Поплавок карбюратора Mercury 8/9.9/15/18/20/40 л.с. (16253 2) (Дубликат);топливная система;;;;;;дубликат;
6734;p;Пластина помпы Mercury 4/5 л.с. (16159) (Дубликат);водяная помпа;;;;;;дубликат;
6736;p;Поплавок карбюратора Mercury 4/5/6/8/9.8 л.с. (16253) (Дубликат);топливная система;;;;;;дубликат;
6737;p;Крыльчатка водяной помпы Mercury 20/25/30HP (47-84797M) TW (Дубликат);водяная помпа;;;;;;дубликат;
6739;p;Крыльчатка водяной помпы Mercury 8/15HP (47-95611M) TW (Дубликат);водяная помпа;;;;;;дубликат;
6741;p;Ведущая  шестерня Mercury 9.9/15/18 л.с. (43-803740 1) (Дубликат);редуктор;;;;;;дубликат;
6754;p;Шестерня переднего хода Mercury 9.9/15/18HP (43-803739) (Дубликат);редуктор;;;;;;дубликат;
6757;p;Шестерня заднего хода Mercury 9.9/15/18HP (43-803741) (Дубликат);редуктор;;;;;;дубликат;
6937;p;Крыльчатка Mercury  3.5-3.6-4л.с.  500314;водяная помпа;;;;;;дубликат;
91;c;Электрические моторы;;;;;;;;
286;p;щетка токосъемная f45-55 (F221);;;;;;;;
1515;p;Щетка токосъемная f33-f40 (F220);;;;;;;;
1523;p;Сальник Flover 33-55;;;;;;;;
2035;p;Щеткодержатель для F45-55 (F211) с щетками в комплекте;;;;;;;;
2243;p;Щеткодержатель для F33-40 с щетками в комплекте;;;;;;;;
3172;p;Переключатель скоростей (F411);;;;;;;;
3175;p;Крепление винта для Flover (шайба, шпилька, гайка);;;;;;;;
4138;p;Румпель с переключателем;;;;;;;;
5810;p;Ротор Flover T40;;;;;;;;